kind,symbol,from_date,to_date,n_bars,fetched_at,status,note
option,O:AAPL250703C00212500,2025-07-02,2025-07-03,601,2026-04-25T20:45:20.611271+00:00,ok,
option,O:AAPL251024C00265000,2025-10-21,2025-10-24,1543,2026-04-25T20:45:20.710971+00:00,ok,
option,O:AMD250801C00175000,2025-07-28,2025-08-01,1829,2026-04-25T20:45:21.431944+00:00,ok,
underlying,AAPL,2024-11-07,2026-04-28,269518,2026-04-25T20:46:14.002711+00:00,ok,
underlying,AMD,2024-11-07,2026-04-28,298265,2026-04-25T20:47:03.775948+00:00,ok,
underlying,AMZN,2024-11-07,2026-04-28,279807,2026-04-25T20:48:20.755216+00:00,ok,
underlying,APP,2024-11-07,2026-04-28,192319,2026-04-25T20:49:03.814810+00:00,ok,
underlying,ARM,2024-11-07,2026-04-28,188056,2026-04-25T20:50:22.247429+00:00,ok,
underlying,AVGO,2024-11-07,2026-04-28,258287,2026-04-25T20:51:07.492656+00:00,ok,
underlying,BMNR,2024-11-07,2026-04-28,185158,2026-04-25T20:52:21.570013+00:00,ok,
underlying,COIN,2024-11-07,2026-04-28,256245,2026-04-25T20:53:07.375889+00:00,ok,
underlying,CRWV,2024-11-07,2026-04-28,203736,2026-04-25T20:54:21.676085+00:00,ok,
underlying,GS,2024-11-07,2026-04-28,150827,2026-04-25T20:55:05.723069+00:00,ok,
underlying,HOOD,2024-11-07,2026-04-28,286843,2026-04-25T20:56:22.812191+00:00,ok,
underlying,META,2024-11-07,2026-04-28,238495,2026-04-25T20:57:03.766989+00:00,ok,
underlying,MMETA,2024-11-07,2026-04-28,0,2026-04-25T20:57:03.836904+00:00,empty,
underlying,MSFT,2024-11-07,2026-04-28,244739,2026-04-25T20:58:18.048392+00:00,ok,
underlying,MSTR,2024-11-07,2026-04-28,284986,2026-04-25T20:59:35.282153+00:00,ok,
underlying,MU,2024-11-07,2026-04-28,271019,2026-04-25T21:00:14.535344+00:00,ok,
underlying,NFLX,2024-11-07,2026-04-28,217192,2026-04-25T21:01:23.775022+00:00,ok,
underlying,NVDA,2024-11-07,2026-04-28,346402,2026-04-25T21:03:06.579132+00:00,ok,
underlying,ORCL,2024-11-07,2026-04-28,232184,2026-04-25T21:04:20.899017+00:00,ok,
underlying,PLTR,2024-11-07,2026-04-28,321362,2026-04-25T21:05:05.642291+00:00,ok,
underlying,QQQ,2024-11-07,2026-04-28,324265,2026-04-25T21:07:21.168772+00:00,ok,
underlying,SNDK,2024-11-07,2026-04-28,163987,2026-04-25T21:07:33.913936+00:00,ok,
underlying,SNOW,2024-11-07,2026-04-28,171597,2026-04-25T21:08:09.493311+00:00,ok,
underlying,SOX,2024-11-07,2026-04-28,0,2026-04-25T21:08:09.566938+00:00,empty,
underlying,SPY,2024-11-07,2026-04-28,311610,2026-04-25T21:10:23.683071+00:00,ok,
underlying,TSLA,2024-11-07,2026-04-28,341708,2026-04-25T21:11:10.384486+00:00,ok,
underlying,UNH,2024-11-07,2026-04-28,205224,2026-04-25T21:12:20.352193+00:00,ok,
underlying,VIXY,2024-11-07,2026-04-28,165559,2026-04-25T21:13:29.252054+00:00,ok,
option,O:AMD250801C00177500,2025-07-29,2025-08-01,1420,2026-04-25T21:13:29.411154+00:00,ok,
option,O:AMD251017C00242500,2025-10-16,2025-10-17,677,2026-04-25T21:13:30.163711+00:00,ok,
option,O:AMZN250131C00232500,2025-01-21,2025-01-31,2414,2026-04-25T21:13:30.958875+00:00,ok,
option,O:AMZN250131C00237500,2025-01-22,2025-01-31,2706,2026-04-25T21:13:31.575229+00:00,ok,
option,O:AMZN250131C00240000,2025-01-28,2025-01-31,1551,2026-04-25T21:13:32.245752+00:00,ok,
option,O:AMZN250131C00242500,2025-01-28,2025-01-31,1331,2026-04-25T21:13:32.945584+00:00,ok,
option,O:AMZN250404C00175000,2025-04-04,2025-04-04,387,2026-04-25T21:13:33.672388+00:00,ok,
option,O:AMZN250411C00175000,2025-04-07,2025-04-11,1498,2026-04-25T21:13:34.380797+00:00,ok,
option,O:AMZN250411C00195000,2025-04-01,2025-04-11,2917,2026-04-25T21:13:35.424362+00:00,ok,
option,O:APP250808C00467500,2025-08-08,2025-08-08,245,2026-04-25T21:13:35.792437+00:00,ok,
option,O:ARM250124C00175000,2025-01-22,2025-01-24,550,2026-04-25T21:13:36.430373+00:00,ok,
option,O:ARM250124C00185000,2025-01-22,2025-01-24,545,2026-04-25T21:13:37.266285+00:00,ok,
option,O:AVGO241213C00220000,2024-12-13,2024-12-13,390,2026-04-25T21:13:38.186474+00:00,ok,
option,O:AVGO241220C00250000,2024-12-16,2024-12-20,1488,2026-04-25T21:13:38.606527+00:00,ok,
option,O:AVGO241220C00260000,2024-12-16,2024-12-20,1233,2026-04-25T21:13:39.338001+00:00,ok,
option,O:AVGO241227C00250000,2024-12-26,2024-12-27,613,2026-04-25T21:13:40.058204+00:00,ok,
option,O:AVGO250606C00260000,2025-06-02,2025-06-06,1598,2026-04-25T21:13:40.769453+00:00,ok,
option,O:AVGO250606C00270000,2025-06-03,2025-06-06,1176,2026-04-25T21:13:41.477115+00:00,ok,
option,O:AVGO250613C00257500,2025-06-12,2025-06-13,526,2026-04-25T21:13:42.106143+00:00,ok,
option,O:BMNR250815C00065000,2025-08-11,2025-08-15,1601,2026-04-25T21:13:42.814384+00:00,ok,
option,O:BMNR250815C00070000,2025-08-11,2025-08-15,1577,2026-04-25T21:13:43.510723+00:00,ok,
option,O:COIN241122C00350000,2024-11-20,2024-11-22,912,2026-04-25T21:13:44.259618+00:00,ok,
option,O:COIN241129C00320000,2024-11-25,2024-11-29,1235,2026-04-25T21:13:45.517709+00:00,ok,
option,O:COIN241206C00320000,2024-12-03,2024-12-06,1084,2026-04-25T21:13:45.986355+00:00,ok,
option,O:COIN241206C00350000,2024-12-06,2024-12-06,386,2026-04-25T21:13:46.556283+00:00,ok,
option,O:COIN241213C00350000,2024-12-04,2024-12-13,2356,2026-04-25T21:13:47.444947+00:00,ok,
option,O:COIN241213C00380000,2024-12-05,2024-12-13,1120,2026-04-25T21:13:47.710733+00:00,ok,
option,O:COIN250110C00290000,2025-01-06,2025-01-10,968,2026-04-25T21:13:48.465279+00:00,ok,
option,O:COIN250110C00300000,2025-01-06,2025-01-10,961,2026-04-25T21:13:49.154144+00:00,ok,
option,O:COIN250117C00280000,2025-01-15,2025-01-17,918,2026-04-25T21:13:50.203215+00:00,ok,
option,O:COIN250117C00285000,2025-01-16,2025-01-17,546,2026-04-25T21:13:50.525997+00:00,ok,
option,O:COIN250117C00300000,2025-01-17,2025-01-17,389,2026-04-25T21:13:51.227538+00:00,ok,
option,O:COIN250117C00302500,2025-01-17,2025-01-17,301,2026-04-25T21:13:51.924463+00:00,ok,
option,O:COIN250124C00300000,2025-01-21,2025-01-24,1467,2026-04-25T21:13:52.674407+00:00,ok,
option,O:COIN250124C00310000,2025-01-21,2025-01-24,1432,2026-04-25T21:13:53.375295+00:00,ok,
option,O:COIN250214C00310000,2025-02-13,2025-02-14,600,2026-04-25T21:13:54.047169+00:00,ok,
option,O:COIN250516C00265000,2025-05-16,2025-05-16,385,2026-04-25T21:13:54.746871+00:00,ok,
option,O:COIN250516C00270000,2025-05-16,2025-05-16,391,2026-04-25T21:13:55.476483+00:00,ok,
option,O:COIN250530C00280000,2025-05-22,2025-05-30,1397,2026-04-25T21:13:56.202735+00:00,ok,
option,O:COIN250620C00300000,2025-06-18,2025-06-20,690,2026-04-25T21:13:56.887802+00:00,ok,
option,O:COIN250620C00315000,2025-06-20,2025-06-20,362,2026-04-25T21:13:57.572228+00:00,ok,
option,O:COIN250627C00320000,2025-06-23,2025-06-27,864,2026-04-25T21:13:58.311182+00:00,ok,
option,O:COIN250627C00330000,2025-06-24,2025-06-27,701,2026-04-25T21:13:59.011860+00:00,ok,
option,O:COIN250627C00340000,2025-06-24,2025-06-27,922,2026-04-25T21:13:59.713714+00:00,ok,
option,O:COIN250627C00350000,2025-06-24,2025-06-27,1335,2026-04-25T21:14:00.428828+00:00,ok,
option,O:COIN250627C00360000,2025-06-24,2025-06-27,1419,2026-04-25T21:14:01.139929+00:00,ok,
option,O:COIN250627C00370000,2025-06-25,2025-06-27,1029,2026-04-25T21:14:01.829588+00:00,ok,
option,O:COIN250627C00380000,2025-06-26,2025-06-27,610,2026-04-25T21:14:02.759453+00:00,ok,
option,O:COIN250711C00370000,2025-07-02,2025-07-11,1928,2026-04-25T21:14:03.454861+00:00,ok,
option,O:COIN250711C00380000,2025-07-10,2025-07-11,711,2026-04-25T21:14:03.918698+00:00,ok,
option,O:COIN250711C00390000,2025-07-10,2025-07-11,769,2026-04-25T21:14:04.649612+00:00,ok,
option,O:COIN250718C00410000,2025-07-16,2025-07-18,1063,2026-04-25T21:14:05.355374+00:00,ok,
option,O:COIN250718C00430000,2025-07-18,2025-07-18,377,2026-04-25T21:14:06.070355+00:00,ok,
option,O:COIN250718C00440000,2025-07-18,2025-07-18,314,2026-04-25T21:14:06.740992+00:00,ok,
option,O:COIN250718C00445000,2025-07-18,2025-07-18,248,2026-04-25T21:14:07.438459+00:00,ok,
option,O:COIN250725C00450000,2025-07-21,2025-07-25,1165,2026-04-25T21:14:08.179962+00:00,ok,
option,O:COIN250912C00330000,2025-09-10,2025-09-12,1056,2026-04-25T21:14:08.878841+00:00,ok,
option,O:COIN251211C00285000,2025-12-09,2025-12-11,0,2026-04-25T21:14:09.536658+00:00,empty,
option,O:COIN260306C00185000,2026-03-02,2026-03-06,864,2026-04-25T21:14:10.286353+00:00,ok,
option,O:COIN260306C00210000,2026-03-04,2026-03-06,869,2026-04-25T21:14:10.993266+00:00,ok,
option,O:COIN260306C00215000,2026-03-04,2026-03-06,745,2026-04-25T21:14:11.676718+00:00,ok,
option,O:COIN260320C00210000,2026-03-16,2026-03-20,1541,2026-04-25T21:14:12.412166+00:00,ok,
option,O:CRWV250808C00118000,2025-08-07,2025-08-08,355,2026-04-25T21:14:13.076075+00:00,ok,
option,O:CRWV251010C00150000,2025-10-10,2025-10-10,334,2026-04-25T21:14:13.784754+00:00,ok,
option,O:GS250321C00555000,2025-03-17,2025-03-21,577,2026-04-25T21:14:14.492258+00:00,ok,
option,O:GS250321C00565000,2025-03-17,2025-03-21,716,2026-04-25T21:14:15.226041+00:00,ok,
option,O:HOOD250703C00070000,2025-05-27,2025-07-03,1884,2026-04-25T21:14:15.992569+00:00,ok,
option,O:HOOD250703C00075000,2025-06-03,2025-07-03,2549,2026-04-25T21:14:16.670950+00:00,ok,
option,O:HOOD250711C00090000,2025-06-30,2025-07-11,1732,2026-04-25T21:14:17.420011+00:00,ok,
option,O:HOOD250711C00098000,2025-07-01,2025-07-11,2189,2026-04-25T21:14:18.068640+00:00,ok,
option,O:HOOD250711C00102000,2025-07-02,2025-07-11,1533,2026-04-25T21:14:18.812136+00:00,ok,
option,O:HOOD250718C00105000,2025-07-16,2025-07-18,1083,2026-04-25T21:14:19.460470+00:00,ok,
option,O:HOOD251031C00150000,2025-10-27,2025-10-31,1734,2026-04-25T21:14:20.468925+00:00,ok,
option,O:META241122C00570000,2024-11-20,2024-11-22,1027,2026-04-25T21:14:20.997697+00:00,ok,
option,O:META241129C00572500,2024-11-25,2024-11-29,1066,2026-04-25T21:14:21.554672+00:00,ok,
option,O:META241129C00580000,2024-11-26,2024-11-29,887,2026-04-25T21:14:22.355666+00:00,ok,
option,O:META241206C00590000,2024-12-02,2024-12-06,1005,2026-04-25T21:14:22.974619+00:00,ok,
option,O:META241206C00600000,2024-12-02,2024-12-06,1427,2026-04-25T21:14:23.684896+00:00,ok,
option,O:META241206C00605000,2024-12-03,2024-12-06,1148,2026-04-25T21:14:24.454438+00:00,ok,
option,O:META241206C00615000,2024-12-03,2024-12-06,1450,2026-04-25T21:14:25.112003+00:00,ok,
option,O:META241206C00620000,2024-12-04,2024-12-06,1134,2026-04-25T21:14:25.803512+00:00,ok,
option,O:META241206C00625000,2024-12-06,2024-12-06,388,2026-04-25T21:14:26.479097+00:00,ok,
option,O:META241206C00630000,2024-12-06,2024-12-06,386,2026-04-25T21:14:27.182980+00:00,ok,
option,O:META241213C00630000,2024-12-10,2024-12-13,1324,2026-04-25T21:14:27.920606+00:00,ok,
option,O:META241213C00635000,2024-12-11,2024-12-13,983,2026-04-25T21:14:28.622337+00:00,ok,
option,O:META241213C00640000,2024-12-11,2024-12-13,956,2026-04-25T21:14:29.327121+00:00,ok,
option,O:META250103C00610000,2025-01-03,2025-01-03,361,2026-04-25T21:14:30.000048+00:00,ok,
option,O:META250110C00620000,2025-01-06,2025-01-10,1502,2026-04-25T21:14:30.747815+00:00,ok,
option,O:META250110C00625000,2025-01-10,2025-01-10,385,2026-04-25T21:14:31.409163+00:00,ok,
option,O:META250110C00630000,2025-01-06,2025-01-10,1480,2026-04-25T21:14:32.155903+00:00,ok,
option,O:META250117C00620000,2025-01-15,2025-01-17,1133,2026-04-25T21:14:32.857422+00:00,ok,
option,O:META250117C00625000,2025-01-15,2025-01-17,1041,2026-04-25T21:14:33.605829+00:00,ok,
option,O:META250124C00630000,2025-01-22,2025-01-24,1083,2026-04-25T21:14:34.298135+00:00,ok,
option,O:META250124C00635000,2025-01-22,2025-01-24,1051,2026-04-25T21:14:34.975317+00:00,ok,
option,O:META250124C00640000,2025-01-24,2025-01-24,378,2026-04-25T21:14:35.642537+00:00,ok,
option,O:META250124C00645000,2025-01-24,2025-01-24,389,2026-04-25T21:14:36.347954+00:00,ok,
option,O:META250124C00650000,2025-01-24,2025-01-24,389,2026-04-25T21:14:37.051682+00:00,ok,
option,O:META250131C00700000,2025-01-30,2025-01-31,767,2026-04-25T21:14:38.342553+00:00,ok,
option,O:META250131C00705000,2025-01-31,2025-01-31,335,2026-04-25T21:14:38.581628+00:00,ok,
option,O:META250131C00710000,2025-01-30,2025-01-31,689,2026-04-25T21:14:39.167749+00:00,ok,
option,O:META250207C00710000,2025-02-03,2025-02-07,1764,2026-04-25T21:14:40.127926+00:00,ok,
option,O:META250207C00715000,2025-02-05,2025-02-07,1094,2026-04-25T21:14:40.620333+00:00,ok,
option,O:META250207C00720000,2025-02-05,2025-02-07,1132,2026-04-25T21:14:41.290558+00:00,ok,
option,O:META250207C00725000,2025-02-07,2025-02-07,373,2026-04-25T21:14:41.985697+00:00,ok,
option,O:META250214C00725000,2025-02-12,2025-02-14,1039,2026-04-25T21:14:42.727429+00:00,ok,
option,O:META250214C00730000,2025-02-12,2025-02-14,1096,2026-04-25T21:14:43.429877+00:00,ok,
option,O:META250214C00732500,2025-02-14,2025-02-14,329,2026-04-25T21:14:44.112123+00:00,ok,
option,O:META250214C00737500,2025-02-14,2025-02-14,384,2026-04-25T21:14:44.806496+00:00,ok,
option,O:META250214C00740000,2025-02-14,2025-02-14,389,2026-04-25T21:14:45.505002+00:00,ok,
option,O:META250228C00680000,2025-02-24,2025-02-28,1677,2026-04-25T21:14:46.270825+00:00,ok,
option,O:META250228C00690000,2025-02-26,2025-02-28,881,2026-04-25T21:14:46.946478+00:00,ok,
option,O:META250307C00637500,2025-03-07,2025-03-07,215,2026-04-25T21:14:47.616717+00:00,ok,
option,O:META250307C00660000,2025-03-04,2025-03-07,1203,2026-04-25T21:14:48.639248+00:00,ok,
option,O:META250307C00665000,2025-03-05,2025-03-07,778,2026-04-25T21:14:49.034297+00:00,ok,
option,O:META250314C00640000,2025-03-12,2025-03-14,712,2026-04-25T21:14:49.993310+00:00,ok,
option,O:META250314C00720000,2025-03-11,2025-03-14,94,2026-04-25T21:14:50.437846+00:00,ok,
option,O:META250321C00592500,2025-03-21,2025-03-21,374,2026-04-25T21:14:51.149928+00:00,ok,
option,O:META250321C00595000,2025-03-19,2025-03-21,1102,2026-04-25T21:14:51.884797+00:00,ok,
option,O:META250321C00610000,2025-03-20,2025-03-21,697,2026-04-25T21:14:52.580320+00:00,ok,
option,O:META250321C00615000,2025-03-20,2025-03-21,582,2026-04-25T21:14:53.264875+00:00,ok,
option,O:META250328C00625000,2025-03-24,2025-03-28,1513,2026-04-25T21:14:54.096246+00:00,ok,
option,O:META250328C00635000,2025-03-25,2025-03-28,1015,2026-04-25T21:14:54.703028+00:00,ok,
option,O:META250404C00550000,2025-04-03,2025-04-04,546,2026-04-25T21:14:55.564483+00:00,ok,
option,O:META250404C00580000,2025-03-31,2025-04-04,1275,2026-04-25T21:14:56.409360+00:00,ok,
option,O:META250404C00590000,2025-04-01,2025-04-04,947,2026-04-25T21:14:56.796486+00:00,ok,
option,O:META250404C00600000,2025-04-01,2025-04-04,1079,2026-04-25T21:14:57.618756+00:00,ok,
option,O:META250425C00510000,2025-04-22,2025-04-25,781,2026-04-25T21:14:58.214027+00:00,ok,
option,O:META250425C00540000,2025-04-23,2025-04-25,1094,2026-04-25T21:14:59.172740+00:00,ok,
option,O:META250502C00590000,2025-05-01,2025-05-02,701,2026-04-25T21:14:59.614532+00:00,ok,
option,O:META250502C00595000,2025-05-02,2025-05-02,363,2026-04-25T21:15:00.398668+00:00,ok,
option,O:META250502C00600000,2025-05-02,2025-05-02,385,2026-04-25T21:15:01.018431+00:00,ok,
option,O:META250502C00605000,2025-05-02,2025-05-02,382,2026-04-25T21:15:01.724382+00:00,ok,
option,O:META250509C00610000,2025-05-05,2025-05-09,1769,2026-04-25T21:15:02.471080+00:00,ok,
option,O:META250516C00640000,2025-05-12,2025-05-16,1444,2026-04-25T21:15:03.180330+00:00,ok,
option,O:META250516C00650000,2025-05-12,2025-05-16,1651,2026-04-25T21:15:03.880941+00:00,ok,
option,O:META250516C00660000,2025-05-13,2025-05-16,1341,2026-04-25T21:15:04.575432+00:00,ok,
option,O:META250516C00670000,2025-05-13,2025-05-16,1194,2026-04-25T21:15:05.280187+00:00,ok,
option,O:META250530C00655000,2025-05-28,2025-05-30,1020,2026-04-25T21:15:05.981300+00:00,ok,
option,O:META250606C00665000,2025-06-02,2025-06-06,1113,2026-04-25T21:15:06.688992+00:00,ok,
option,O:META250606C00670000,2025-06-02,2025-06-06,1386,2026-04-25T21:15:07.436012+00:00,ok,
option,O:META250606C00675000,2025-06-02,2025-06-06,1382,2026-04-25T21:15:08.105311+00:00,ok,
option,O:META250606C00680000,2025-06-03,2025-06-06,1232,2026-04-25T21:15:08.805761+00:00,ok,
option,O:META250606C00685000,2025-06-04,2025-06-06,943,2026-04-25T21:15:09.531078+00:00,ok,
option,O:META250606C00695000,2025-06-04,2025-06-06,1080,2026-04-25T21:15:10.218659+00:00,ok,
option,O:META250606C00700000,2025-06-05,2025-06-06,770,2026-04-25T21:15:10.912000+00:00,ok,
option,O:META250606C00705000,2025-06-06,2025-06-06,357,2026-04-25T21:15:11.596353+00:00,ok,
option,O:META250613C00715000,2025-06-09,2025-06-13,1409,2026-04-25T21:15:12.333901+00:00,ok,
option,O:META250620C00710000,2025-06-16,2025-06-20,1290,2026-04-25T21:15:13.515401+00:00,ok,
option,O:META250627C00700000,2025-06-23,2025-06-27,1334,2026-04-25T21:15:13.985678+00:00,ok,
option,O:META250627C00715000,2025-06-24,2025-06-27,1251,2026-04-25T21:15:14.474722+00:00,ok,
option,O:META250627C00720000,2025-06-26,2025-06-27,641,2026-04-25T21:15:15.326812+00:00,ok,
option,O:META250627C00725000,2025-06-26,2025-06-27,685,2026-04-25T21:15:15.960998+00:00,ok,
option,O:META250627C00732500,2025-06-27,2025-06-27,386,2026-04-25T21:15:16.558845+00:00,ok,
option,O:META250703C00725000,2025-07-02,2025-07-03,562,2026-04-25T21:15:17.237230+00:00,ok,
option,O:META250703C00730000,2025-07-03,2025-07-03,170,2026-04-25T21:15:17.935294+00:00,ok,
option,O:META250703C00750000,2025-06-30,2025-07-03,1062,2026-04-25T21:15:18.682682+00:00,ok,
option,O:META250711C00735000,2025-07-09,2025-07-11,901,2026-04-25T21:15:19.372835+00:00,ok,
option,O:META250711C00740000,2025-07-09,2025-07-11,868,2026-04-25T21:15:20.081106+00:00,ok,
option,O:META250725C00720000,2025-07-21,2025-07-25,1882,2026-04-25T21:15:20.808228+00:00,ok,
option,O:META250808C00790000,2025-08-05,2025-08-08,1126,2026-04-25T21:15:21.501762+00:00,ok,
option,O:META250815C00785000,2025-08-12,2025-08-15,1342,2026-04-25T21:15:22.328354+00:00,ok,
option,O:META250815C00795000,2025-08-12,2025-08-15,1402,2026-04-25T21:15:22.907739+00:00,ok,
option,O:META250815C00800000,2025-08-12,2025-08-15,1512,2026-04-25T21:15:23.620211+00:00,ok,
option,O:META250919C00770000,2025-09-15,2025-09-19,1690,2026-04-25T21:15:24.321432+00:00,ok,
option,O:META250919C00780000,2025-09-15,2025-09-19,1833,2026-04-25T21:15:25.050019+00:00,ok,
option,O:META250919C00790000,2025-09-17,2025-09-19,1012,2026-04-25T21:15:25.720859+00:00,ok,
option,O:META251003C00725000,2025-10-01,2025-10-03,1077,2026-04-25T21:15:26.433252+00:00,ok,
option,O:META251010C00720000,2025-10-06,2025-10-10,1792,2026-04-25T21:15:27.300175+00:00,ok,
option,O:META251010C00725000,2025-10-08,2025-10-10,1005,2026-04-25T21:15:27.836230+00:00,ok,
option,O:META251010C00732500,2025-10-09,2025-10-10,584,2026-04-25T21:15:28.694822+00:00,ok,
option,O:META251114C00620000,2025-11-13,2025-11-14,739,2026-04-25T21:15:29.304515+00:00,ok,
option,O:META251121C00610000,2025-11-18,2025-11-21,1338,2026-04-25T21:15:29.957704+00:00,ok,
option,O:META251128C00620000,2025-11-24,2025-11-28,1083,2026-04-25T21:15:31.334592+00:00,ok,
option,O:META251128C00630000,2025-11-25,2025-11-28,898,2026-04-25T21:15:31.511933+00:00,ok,
option,O:META251128C00640000,2025-11-26,2025-11-28,594,2026-04-25T21:15:32.121454+00:00,ok,
option,O:META251205C00652500,2025-12-03,2025-12-05,672,2026-04-25T21:15:33.002628+00:00,ok,
option,O:META251212C00655000,2025-12-11,2025-12-12,645,2026-04-25T21:15:33.568696+00:00,ok,
option,O:META260123C00615000,2026-01-21,2026-01-23,572,2026-04-25T21:15:34.246384+00:00,ok,
option,O:META260123C00625000,2026-01-15,2026-01-23,1786,2026-04-25T21:15:34.971147+00:00,ok,
option,O:META260123C00632500,2026-01-22,2026-01-23,341,2026-04-25T21:15:35.627706+00:00,ok,
option,O:META260123C00640000,2026-01-22,2026-01-23,639,2026-04-25T21:15:36.358191+00:00,ok,
option,O:META260123C00645000,2026-01-22,2026-01-23,613,2026-04-25T21:15:37.043009+00:00,ok,
option,O:META260123C00650000,2026-01-22,2026-01-23,720,2026-04-25T21:15:37.777847+00:00,ok,
option,O:META260123C00655000,2026-01-23,2026-01-23,320,2026-04-25T21:15:38.454667+00:00,ok,
option,O:META260123C00660000,2026-01-23,2026-01-23,379,2026-04-25T21:15:39.147852+00:00,ok,
option,O:META260123C00665000,2026-01-23,2026-01-23,385,2026-04-25T21:15:39.856818+00:00,ok,
option,O:META260130C00700000,2026-01-26,2026-01-30,1804,2026-04-25T21:15:40.607589+00:00,ok,
option,O:META260206C00685000,2026-02-04,2026-02-06,819,2026-04-25T21:15:41.292844+00:00,ok,
option,O:META260213C00690000,2026-02-09,2026-02-13,1266,2026-04-25T21:15:42.008435+00:00,ok,
option,O:META260227C00650000,2026-02-18,2026-02-27,2312,2026-04-25T21:15:42.734137+00:00,ok,
option,O:META260227C00655000,2026-02-25,2026-02-27,947,2026-04-25T21:15:43.869745+00:00,ok,
option,O:META260227C00665000,2026-02-26,2026-02-27,544,2026-04-25T21:15:44.256352+00:00,ok,
option,O:META260227C00670000,2026-02-20,2026-02-27,1585,2026-04-25T21:15:44.824720+00:00,ok,
option,O:META260306C00665000,2026-03-02,2026-03-06,1365,2026-04-25T21:15:45.532745+00:00,ok,
option,O:META260306C00675000,2026-03-05,2026-03-06,541,2026-04-25T21:15:46.227748+00:00,ok,
option,O:META260306C00680000,2026-03-04,2026-03-06,828,2026-04-25T21:15:46.903574+00:00,ok,
option,O:META260327C00615000,2026-03-23,2026-03-27,1048,2026-04-25T21:15:47.632223+00:00,ok,
option,O:MMETA250321C00600000,2025-03-20,2025-03-21,0,2026-04-25T21:15:48.290664+00:00,empty,
option,O:MSFT241213C00445000,2024-12-05,2024-12-13,2023,2026-04-25T21:15:49.061986+00:00,ok,
option,O:MSFT241213C00447500,2024-12-09,2024-12-13,1459,2026-04-25T21:15:49.752951+00:00,ok,
option,O:MSFT241213C00450000,2024-12-09,2024-12-13,1802,2026-04-25T21:15:50.469227+00:00,ok,
option,O:MSFT241213C00455000,2024-12-12,2024-12-13,640,2026-04-25T21:15:51.136766+00:00,ok,
option,O:MSFT250523C00460000,2025-05-15,2025-05-23,2440,2026-04-25T21:15:51.886710+00:00,ok,
option,O:MSFT260427C00400000,2026-04-14,2026-04-27,773,2026-04-25T21:15:52.566726+00:00,ok,
option,O:MSFT260427C00410000,2026-04-15,2026-04-27,745,2026-04-25T21:15:53.272530+00:00,ok,
option,O:MSTR241122C00450000,2024-11-22,2024-11-22,389,2026-04-25T21:15:53.955469+00:00,ok,
option,O:MSTR241122C00590000,2024-11-20,2024-11-22,614,2026-04-25T21:15:54.655999+00:00,ok,
option,O:MSTR241129C00420000,2024-11-27,2024-11-29,547,2026-04-25T21:15:55.358668+00:00,ok,
option,O:MSTR241213C00420000,2024-12-11,2024-12-13,1135,2026-04-25T21:15:56.096387+00:00,ok,
option,O:MSTR250321C00310000,2025-03-19,2025-03-21,1135,2026-04-25T21:15:56.800583+00:00,ok,
option,O:MSTR250328C00340000,2025-03-24,2025-03-28,1659,2026-04-25T21:15:57.508187+00:00,ok,
option,O:MSTR250328C00350000,2025-03-25,2025-03-28,1272,2026-04-25T21:15:58.220547+00:00,ok,
option,O:MSTR250425C00350000,2025-04-22,2025-04-25,1455,2026-04-25T21:15:58.917136+00:00,ok,
option,O:MSTR250425C00360000,2025-04-22,2025-04-25,1480,2026-04-25T21:15:59.686747+00:00,ok,
option,O:MSTR250509C00415000,2025-05-08,2025-05-09,737,2026-04-25T21:16:00.319212+00:00,ok,
option,O:MSTR250509C00420000,2025-05-08,2025-05-09,773,2026-04-25T21:16:01.219892+00:00,ok,
option,O:MSTR250509C00430000,2025-05-08,2025-05-09,726,2026-04-25T21:16:01.711892+00:00,ok,
option,O:MSTR250523C00420000,2025-05-19,2025-05-23,1839,2026-04-25T21:16:02.467205+00:00,ok,
option,O:MSTR250523C00430000,2025-05-21,2025-05-23,1048,2026-04-25T21:16:03.635588+00:00,ok,
option,O:MSTR250718C00460000,2025-07-14,2025-07-18,1810,2026-04-25T21:16:04.472322+00:00,ok,
option,O:MSTR250919C00352500,2025-09-19,2025-09-19,255,2026-04-25T21:16:04.632009+00:00,ok,
option,O:MSTR251003C00325000,2025-09-29,2025-10-03,1014,2026-04-25T21:16:05.742895+00:00,ok,
option,O:MSTR251003C00335000,2025-09-29,2025-10-03,1213,2026-04-25T21:16:06.153973+00:00,ok,
option,O:MSTR251121C00205000,2025-11-18,2025-11-21,896,2026-04-25T21:16:07.249411+00:00,ok,
option,O:MSTR251121C00215000,2025-11-18,2025-11-21,938,2026-04-25T21:16:07.720254+00:00,ok,
option,O:MSTR251205C00190000,2025-11-26,2025-12-05,2379,2026-04-25T21:16:08.230021+00:00,ok,
option,O:MSTR251212C00200000,2025-12-09,2025-12-12,1308,2026-04-25T21:16:09.155751+00:00,ok,
option,O:MSTR260102C00160000,2025-12-30,2026-01-02,1082,2026-04-25T21:16:09.555060+00:00,ok,
option,O:MSTR260424C00170000,2026-04-17,2026-04-24,1911,2026-04-25T21:16:10.716179+00:00,ok,
option,O:MU251219C00265000,2025-12-19,2025-12-19,380,2026-04-25T21:16:11.305666+00:00,ok,
option,O:MU260102C00290000,2025-12-24,2026-01-02,1590,2026-04-25T21:16:11.648863+00:00,ok,
option,O:MU260109C00330000,2026-01-06,2026-01-09,1156,2026-04-25T21:16:12.388438+00:00,ok,
option,O:MU260109C00337500,2026-01-09,2026-01-09,309,2026-04-25T21:16:13.016984+00:00,ok,
option,O:MU260109C00345000,2026-01-06,2026-01-09,1343,2026-04-25T21:16:13.748377+00:00,ok,
option,O:MU260116C00362500,2026-01-16,2026-01-16,323,2026-04-25T21:16:14.415428+00:00,ok,
option,O:MU260123C00380000,2026-01-20,2026-01-23,1163,2026-04-25T21:16:15.158621+00:00,ok,
option,O:MU260123C00400000,2026-01-21,2026-01-23,1161,2026-04-25T21:16:15.860307+00:00,ok,
option,O:MU260206C00440000,2026-02-03,2026-02-06,939,2026-04-25T21:16:16.567823+00:00,ok,
option,O:MU260206C00450000,2026-02-02,2026-02-06,1348,2026-04-25T21:16:17.275998+00:00,ok,
option,O:MU260213C00400000,2026-02-10,2026-02-13,1278,2026-04-25T21:16:17.982907+00:00,ok,
option,O:MU260213C00420000,2026-02-11,2026-02-13,1128,2026-04-25T21:16:18.677668+00:00,ok,
option,O:MU260213C00440000,2026-02-12,2026-02-13,621,2026-04-25T21:16:19.362371+00:00,ok,
option,O:MU260220C00420000,2026-02-17,2026-02-20,1412,2026-04-25T21:16:20.106597+00:00,ok,
option,O:MU260220C00435000,2026-02-18,2026-02-20,990,2026-04-25T21:16:20.798559+00:00,ok,
option,O:MU260227C00450000,2026-02-24,2026-02-27,1217,2026-04-25T21:16:21.500272+00:00,ok,
option,O:MU260313C00390000,2026-03-09,2026-03-13,798,2026-04-25T21:16:22.211913+00:00,ok,
option,O:MU260313C00410000,2026-03-10,2026-03-13,1229,2026-04-25T21:16:22.921630+00:00,ok,
option,O:MU260313C00425000,2026-03-10,2026-03-13,1324,2026-04-25T21:16:24.242149+00:00,ok,
option,O:MU260320C00500000,2026-03-16,2026-03-20,1647,2026-04-25T21:16:24.361024+00:00,ok,
option,O:MU260402C00360000,2026-04-01,2026-04-02,688,2026-04-25T21:16:25.026601+00:00,ok,
option,O:MU260402C00375000,2026-04-01,2026-04-02,710,2026-04-25T21:16:25.734838+00:00,ok,
option,O:MU260402C00390000,2026-04-01,2026-04-02,565,2026-04-25T21:16:26.598542+00:00,ok,
option,O:MU260410C00350000,2026-03-31,2026-04-10,1131,2026-04-25T21:16:27.314484+00:00,ok,
option,O:MU260410C00400000,2026-04-06,2026-04-10,1724,2026-04-25T21:16:27.880287+00:00,ok,
option,O:MU260410C00420000,2026-04-08,2026-04-10,1141,2026-04-25T21:16:28.581541+00:00,ok,
option,O:MU260417C00440000,2026-04-13,2026-04-17,1462,2026-04-25T21:16:29.287781+00:00,ok,
option,O:MU260417C00460000,2026-04-14,2026-04-17,1546,2026-04-25T21:16:30.000022+00:00,ok,
option,O:MU260417C00470000,2026-04-15,2026-04-17,1116,2026-04-25T21:16:30.693787+00:00,ok,
option,O:NFLX241122C00870000,2024-11-19,2024-11-22,716,2026-04-25T21:16:31.393512+00:00,ok,
option,O:NFLX241122C00880000,2024-11-19,2024-11-22,944,2026-04-25T21:16:32.104142+00:00,ok,
option,O:NFLX241122C00890000,2024-11-20,2024-11-22,634,2026-04-25T21:16:32.773987+00:00,ok,
option,O:NFLX241122C00900000,2024-11-21,2024-11-22,711,2026-04-25T21:16:33.510801+00:00,ok,
option,O:NFLX250207C01020000,2025-02-06,2025-02-07,734,2026-04-25T21:16:34.225742+00:00,ok,
option,O:NFLX250207C01050000,2025-02-04,2025-02-07,665,2026-04-25T21:16:34.895582+00:00,ok,
option,O:NFLX250314C00900000,2025-03-10,2025-03-14,1120,2026-04-25T21:16:35.628072+00:00,ok,
option,O:NFLX250314C00920000,2025-03-11,2025-03-14,1141,2026-04-25T21:16:36.335640+00:00,ok,
option,O:NFLX250425C01090000,2025-04-24,2025-04-25,563,2026-04-25T21:16:37.030090+00:00,ok,
option,O:NFLX250523C01220000,2025-05-21,2025-05-23,705,2026-04-25T21:16:37.715715+00:00,ok,
option,O:NVDA241213C00144000,2024-12-04,2024-12-13,2830,2026-04-25T21:16:38.473534+00:00,ok,
option,O:NVDA241213C00147000,2024-12-04,2024-12-13,2637,2026-04-25T21:16:39.168923+00:00,ok,
option,O:NVDA241220C00130000,2024-12-17,2024-12-20,1531,2026-04-25T21:16:39.870017+00:00,ok,
option,O:NVDA241220C00131000,2024-12-20,2024-12-20,370,2026-04-25T21:16:40.527367+00:00,ok,
option,O:NVDA241220C00132000,2024-12-20,2024-12-20,390,2026-04-25T21:16:41.871437+00:00,ok,
option,O:NVDA241220C00135000,2024-12-18,2024-12-20,1171,2026-04-25T21:16:42.450517+00:00,ok,
option,O:NVDA241227C00138000,2024-12-18,2024-12-27,2465,2026-04-25T21:16:42.683763+00:00,ok,
option,O:NVDA250103C00140000,2024-12-23,2025-01-03,2934,2026-04-25T21:16:43.417471+00:00,ok,
option,O:NVDA250110C00140000,2024-12-11,2025-01-10,6633,2026-04-25T21:16:44.364806+00:00,ok,
option,O:NVDA250110C00145000,2025-01-08,2025-01-10,727,2026-04-25T21:16:44.764525+00:00,ok,
option,O:NVDA250110C00150000,2025-01-06,2025-01-10,1457,2026-04-25T21:16:46.166531+00:00,ok,
option,O:NVDA250117C00140000,2024-12-30,2025-01-17,4996,2026-04-25T21:16:46.529324+00:00,ok,
option,O:NVDA250117C00155000,2025-01-06,2025-01-17,2395,2026-04-25T21:16:46.969022+00:00,ok,
option,O:NVDA250124C00150000,2025-01-03,2025-01-24,4793,2026-04-25T21:16:47.831751+00:00,ok,
option,O:NVDA250131C00125000,2025-01-28,2025-01-31,1551,2026-04-25T21:16:48.394254+00:00,ok,
option,O:NVDA250131C00127000,2025-01-28,2025-01-31,1544,2026-04-25T21:16:49.095681+00:00,ok,
option,O:NVDA250131C00143000,2025-01-21,2025-01-31,2436,2026-04-25T21:16:49.813686+00:00,ok,
option,O:NVDA250131C00147000,2025-01-22,2025-01-31,2298,2026-04-25T21:16:50.518309+00:00,ok,
option,O:NVDA250214C00120000,2025-02-03,2025-02-14,2580,2026-04-25T21:16:51.228176+00:00,ok,
option,O:NVDA250214C00125000,2025-02-05,2025-02-14,2335,2026-04-25T21:16:51.935635+00:00,ok,
option,O:NVDA250214C00129000,2025-02-06,2025-02-14,2103,2026-04-25T21:16:52.640550+00:00,ok,
option,O:NVDA250214C00133000,2025-02-10,2025-02-14,1872,2026-04-25T21:16:53.327091+00:00,ok,
option,O:NVDA250214C00136000,2025-02-10,2025-02-14,1926,2026-04-25T21:16:54.097438+00:00,ok,
option,O:NVDA250221C00144000,2025-02-18,2025-02-21,1466,2026-04-25T21:16:54.729386+00:00,ok,
option,O:NVDA250321C00120000,2025-03-13,2025-03-21,2713,2026-04-25T21:16:55.490294+00:00,ok,
option,O:NVDA250404C00110000,2025-04-02,2025-04-04,1040,2026-04-25T21:16:56.169255+00:00,ok,
option,O:NVDA250411C00098000,2025-04-07,2025-04-11,1449,2026-04-25T21:16:56.853503+00:00,ok,
option,O:NVDA250411C00100000,2025-04-07,2025-04-11,1754,2026-04-25T21:16:57.561192+00:00,ok,
option,O:NVDA250516C00116000,2025-05-01,2025-05-16,3184,2026-04-25T21:16:58.293358+00:00,ok,
option,O:NVDA250523C00127000,2025-05-13,2025-05-23,1505,2026-04-25T21:16:59.726232+00:00,ok,
option,O:NVDA250523C00130000,2025-05-13,2025-05-23,3173,2026-04-25T21:17:00.204051+00:00,ok,
option,O:NVDA250523C00136000,2025-05-14,2025-05-23,3047,2026-04-25T21:17:00.548567+00:00,ok,
option,O:NVDA250620C00146000,2025-06-09,2025-06-20,3225,2026-04-25T21:17:01.260417+00:00,ok,
option,O:NVDA250703C00152500,2025-06-25,2025-07-03,2308,2026-04-25T21:17:01.963561+00:00,ok,
option,O:NVDA250703C00155000,2025-06-25,2025-07-03,2516,2026-04-25T21:17:02.986631+00:00,ok,
option,O:NVDA250703C00157500,2025-06-26,2025-07-03,2145,2026-04-25T21:17:03.364096+00:00,ok,
option,O:NVDA250703C00160000,2025-06-27,2025-07-03,1762,2026-04-25T21:17:04.057742+00:00,ok,
option,O:NVDA250711C00160000,2025-07-07,2025-07-11,1919,2026-04-25T21:17:04.764592+00:00,ok,
option,O:NVDA250718C00165000,2025-07-09,2025-07-18,3004,2026-04-25T21:17:05.637716+00:00,ok,
option,O:NVDA250718C00167500,2025-07-11,2025-07-18,2217,2026-04-25T21:17:06.196056+00:00,ok,
option,O:NVDA250725C00172500,2025-07-15,2025-07-25,3467,2026-04-25T21:17:06.974384+00:00,ok,
option,O:NVDA250926C00185000,2025-09-22,2025-09-26,1904,2026-04-25T21:17:07.600982+00:00,ok,
option,O:NVDA251010C00185000,2025-09-30,2025-10-10,3285,2026-04-25T21:17:08.352197+00:00,ok,
option,O:NVDA251010C00195000,2025-10-09,2025-10-10,757,2026-04-25T21:17:08.973840+00:00,ok,
option,O:NVDA251017C00190000,2025-10-01,2025-10-17,4981,2026-04-25T21:17:09.782351+00:00,ok,
option,O:NVDA251024C00200000,2025-10-10,2025-10-24,3529,2026-04-25T21:17:10.429574+00:00,ok,
option,O:NVDA251031C00212500,2025-10-29,2025-10-31,1012,2026-04-25T21:17:11.111135+00:00,ok,
option,O:NVDA251212C00187000,2025-12-08,2025-12-12,0,2026-04-25T21:17:11.764692+00:00,empty,
option,O:ORCL251010C00300000,2025-10-06,2025-10-10,1834,2026-04-25T21:17:12.547385+00:00,ok,
option,O:ORCL251114C00260000,2025-11-05,2025-11-14,1310,2026-04-25T21:17:13.224768+00:00,ok,
option,O:ORCL251205C00215000,2025-11-26,2025-12-05,2093,2026-04-25T21:17:13.951351+00:00,ok,
option,O:ORCL260313C00170000,2026-03-06,2026-03-13,1949,2026-04-25T21:17:14.648617+00:00,ok,
option,O:PLTR250207C00116000,2025-02-07,2025-02-07,389,2026-04-25T21:17:15.308839+00:00,ok,
option,O:PLTR250509C00110000,2025-05-06,2025-05-09,1335,2026-04-25T21:17:16.052248+00:00,ok,
option,O:PLTR250516C00125000,2025-05-13,2025-05-16,1313,2026-04-25T21:17:17.567563+00:00,ok,
option,O:PLTR250516C00130000,2025-05-13,2025-05-16,1552,2026-04-25T21:17:17.725778+00:00,ok,
option,O:PLTR250516C00133000,2025-05-13,2025-05-16,1319,2026-04-25T21:17:18.363337+00:00,ok,
option,O:PLTR250530C00130000,2025-05-30,2025-05-30,388,2026-04-25T21:17:19.050449+00:00,ok,
option,O:PLTR250606C00135000,2025-06-02,2025-06-06,1815,2026-04-25T21:17:20.427024+00:00,ok,
option,O:PLTR250613C00135000,2025-06-10,2025-06-13,1446,2026-04-25T21:17:20.516216+00:00,ok,
option,O:PLTR250613C00138000,2025-06-11,2025-06-13,1122,2026-04-25T21:17:21.716392+00:00,ok,
option,O:PLTR250620C00143000,2025-06-16,2025-06-20,1365,2026-04-25T21:17:22.015536+00:00,ok,
option,O:PLTR250620C00146000,2025-06-16,2025-06-20,1041,2026-04-25T21:17:22.634513+00:00,ok,
option,O:PLTR250703C00150000,2025-06-26,2025-07-03,1597,2026-04-25T21:17:23.360113+00:00,ok,
option,O:PLTR250718C00150000,2025-07-14,2025-07-18,1919,2026-04-25T21:17:24.066740+00:00,ok,
option,O:PLTR250808C00180000,2025-08-06,2025-08-08,1148,2026-04-25T21:17:24.763395+00:00,ok,
option,O:PLTR250808C00185000,2025-08-07,2025-08-08,775,2026-04-25T21:17:25.458556+00:00,ok,
option,O:PLTR250808C00187500,2025-08-08,2025-08-08,389,2026-04-25T21:17:26.137996+00:00,ok,
option,O:PLTR250815C00190000,2025-08-12,2025-08-15,1382,2026-04-25T21:17:26.882246+00:00,ok,
option,O:PLTR250822C00155000,2025-08-21,2025-08-22,716,2026-04-25T21:17:27.597358+00:00,ok,
option,O:PLTR250822C00157500,2025-08-21,2025-08-22,735,2026-04-25T21:17:28.285820+00:00,ok,
option,O:PLTR250912C00165000,2025-09-09,2025-09-12,1521,2026-04-25T21:17:28.997296+00:00,ok,
option,O:PLTR250912C00167500,2025-09-10,2025-09-12,1146,2026-04-25T21:17:29.707629+00:00,ok,
option,O:PLTR250919C00175000,2025-09-18,2025-09-19,746,2026-04-25T21:17:30.396339+00:00,ok,
option,O:PLTR250926C00187500,2025-09-23,2025-09-26,1333,2026-04-25T21:17:31.104806+00:00,ok,
option,O:QQQ241122C00503000,2024-11-21,2024-11-22,729,2026-04-25T21:17:31.799232+00:00,ok,
option,O:QQQ241127C00512000,2024-11-25,2024-11-27,834,2026-04-25T21:17:32.486042+00:00,ok,
option,O:QQQ241206C00515000,2024-12-02,2024-12-06,1211,2026-04-25T21:17:33.220938+00:00,ok,
option,O:QQQ241206C00517000,2024-12-03,2024-12-06,736,2026-04-25T21:17:33.903332+00:00,ok,
option,O:QQQ241206C00522000,2024-12-04,2024-12-06,1065,2026-04-25T21:17:35.308195+00:00,ok,
option,O:QQQ241206C00525000,2024-12-06,2024-12-06,405,2026-04-25T21:17:35.544501+00:00,ok,
option,O:QQQ241206C00526000,2024-12-06,2024-12-06,405,2026-04-25T21:17:36.080136+00:00,ok,
option,O:QQQ241213C00528000,2024-12-12,2024-12-13,806,2026-04-25T21:17:36.817762+00:00,ok,
option,O:QQQ241213C00533000,2024-12-13,2024-12-13,375,2026-04-25T21:17:37.747593+00:00,ok,
option,O:QQQ241220C00540000,2024-12-16,2024-12-20,1328,2026-04-25T21:17:38.227661+00:00,ok,
option,O:QQQ241226C00521000,2024-12-23,2024-12-26,424,2026-04-25T21:17:38.906100+00:00,ok,
option,O:QQQ250110C00507000,2025-01-10,2025-01-10,401,2026-04-25T21:17:39.606343+00:00,ok,
option,O:QQQ250115C00505000,2025-01-13,2025-01-15,924,2026-04-25T21:17:40.349859+00:00,ok,
option,O:QQQ250117C00512000,2025-01-14,2025-01-17,826,2026-04-25T21:17:41.041931+00:00,ok,
option,O:QQQ250117C00517000,2025-01-15,2025-01-17,1102,2026-04-25T21:17:41.753342+00:00,ok,
option,O:QQQ250117C00520000,2025-01-16,2025-01-17,797,2026-04-25T21:17:42.453280+00:00,ok,
option,O:QQQ250129C00518000,2025-01-27,2025-01-29,1072,2026-04-25T21:17:43.164039+00:00,ok,
option,O:QQQ250130C00525000,2025-01-28,2025-01-30,1081,2026-04-25T21:17:43.887023+00:00,ok,
option,O:QQQ250206C00523000,2025-02-04,2025-02-06,808,2026-04-25T21:17:44.575488+00:00,ok,
option,O:QQQ250207C00520000,2025-02-03,2025-02-07,1272,2026-04-25T21:17:45.305873+00:00,ok,
option,O:QQQ250207C00527000,2025-02-05,2025-02-07,1120,2026-04-25T21:17:46.023510+00:00,ok,
option,O:QQQ250207C00530000,2025-02-06,2025-02-07,778,2026-04-25T21:17:46.680183+00:00,ok,
option,O:QQQ250212C00530000,2025-02-10,2025-02-12,1125,2026-04-25T21:17:47.395674+00:00,ok,
option,O:QQQ250214C00532000,2025-02-13,2025-02-14,642,2026-04-25T21:17:48.072909+00:00,ok,
option,O:QQQ250221C00536000,2025-02-20,2025-02-21,727,2026-04-25T21:17:48.796902+00:00,ok,
option,O:QQQ250221C00540000,2025-02-19,2025-02-21,1101,2026-04-25T21:17:49.510282+00:00,ok,
option,O:QQQ250226C00516000,2025-02-26,2025-02-26,399,2026-04-25T21:17:50.251952+00:00,ok,
option,O:QQQ250226C00527000,2025-02-24,2025-02-26,873,2026-04-25T21:17:50.900455+00:00,ok,
option,O:QQQ250227C00520000,2025-02-26,2025-02-27,695,2026-04-25T21:17:51.594684+00:00,ok,
option,O:QQQ250228C00500000,2025-02-28,2025-02-28,387,2026-04-25T21:17:52.761511+00:00,ok,
option,O:QQQ250228C00505000,2025-02-28,2025-02-28,394,2026-04-25T21:17:53.119809+00:00,ok,
option,O:QQQ250307C00490000,2025-03-07,2025-03-07,398,2026-04-25T21:17:53.708500+00:00,ok,
option,O:QQQ250307C00500000,2025-03-04,2025-03-07,1551,2026-04-25T21:17:55.137593+00:00,ok,
option,O:QQQ250314C00480000,2025-03-11,2025-03-14,1582,2026-04-25T21:17:55.384014+00:00,ok,
option,O:QQQ250319C00485000,2025-03-17,2025-03-19,1151,2026-04-25T21:17:55.938824+00:00,ok,
option,O:QQQ250320C00480000,2025-03-20,2025-03-20,404,2026-04-25T21:17:56.626287+00:00,ok,
option,O:QQQ250321C00486000,2025-03-20,2025-03-21,690,2026-04-25T21:17:57.335176+00:00,ok,
option,O:QQQ250328C00493000,2025-03-24,2025-03-28,1346,2026-04-25T21:17:58.068233+00:00,ok,
option,O:QQQ250402C00467000,2025-03-31,2025-04-02,822,2026-04-25T21:17:58.777368+00:00,ok,
option,O:QQQ250403C00476000,2025-04-02,2025-04-03,516,2026-04-25T21:17:59.443384+00:00,ok,
option,O:QQQ250404C00460000,2025-04-03,2025-04-04,596,2026-04-25T21:18:00.151704+00:00,ok,
option,O:QQQ250409C00425000,2025-04-07,2025-04-09,779,2026-04-25T21:18:00.883117+00:00,ok,
option,O:QQQ250409C00440000,2025-04-07,2025-04-09,1040,2026-04-25T21:18:01.593735+00:00,ok,
option,O:QQQ250423C00445000,2025-04-22,2025-04-23,597,2026-04-25T21:18:02.269266+00:00,ok,
option,O:QQQ250424C00465000,2025-04-23,2025-04-24,797,2026-04-25T21:18:02.995671+00:00,ok,
option,O:QQQ250509C00490000,2025-05-08,2025-05-09,801,2026-04-25T21:18:03.704352+00:00,ok,
option,O:QQQ250509C00493000,2025-05-08,2025-05-09,784,2026-04-25T21:18:04.399039+00:00,ok,
option,O:QQQ250516C00519000,2025-05-15,2025-05-16,800,2026-04-25T21:18:05.121868+00:00,ok,
option,O:QQQ250516C00522000,2025-05-15,2025-05-16,799,2026-04-25T21:18:05.811535+00:00,ok,
option,O:QQQ250521C00521000,2025-05-19,2025-05-21,1139,2026-04-25T21:18:06.532462+00:00,ok,
option,O:QQQ250523C00524000,2025-05-21,2025-05-23,779,2026-04-25T21:18:07.218082+00:00,ok,
option,O:QQQ250606C00530000,2025-06-03,2025-06-06,1583,2026-04-25T21:18:07.951122+00:00,ok,
option,O:QQQ250606C00531000,2025-06-06,2025-06-06,403,2026-04-25T21:18:08.614911+00:00,ok,
option,O:QQQ250613C00530000,2025-06-13,2025-06-13,400,2026-04-25T21:18:09.312285+00:00,ok,
option,O:QQQ250613C00532000,2025-06-13,2025-06-13,393,2026-04-25T21:18:10.928527+00:00,ok,
option,O:QQQ250613C00536000,2025-06-11,2025-06-13,1124,2026-04-25T21:18:11.116893+00:00,ok,
option,O:QQQ250620C00534000,2025-06-20,2025-06-20,356,2026-04-25T21:18:11.704117+00:00,ok,
option,O:QQQ250627C00540000,2025-06-24,2025-06-27,1256,2026-04-25T21:18:12.444465+00:00,ok,
option,O:QQQ250627C00545000,2025-06-25,2025-06-27,1117,2026-04-25T21:18:13.132828+00:00,ok,
option,O:QQQ250703C00553000,2025-06-30,2025-07-03,1158,2026-04-25T21:18:14.228745+00:00,ok,
option,O:QQQ250711C00556000,2025-07-09,2025-07-11,1156,2026-04-25T21:18:14.533578+00:00,ok,
option,O:QQQ250716C00558000,2025-07-14,2025-07-16,1095,2026-04-25T21:18:15.254767+00:00,ok,
option,O:QQQ250725C00565000,2025-07-24,2025-07-25,803,2026-04-25T21:18:15.959082+00:00,ok,
option,O:QQQ250806P00560000,2025-08-04,2025-08-06,1174,2026-04-25T21:18:16.677415+00:00,ok,
option,O:QQQ250808C00574000,2025-08-07,2025-08-08,786,2026-04-25T21:18:17.367549+00:00,ok,
option,O:QQQ250813C00577000,2025-08-11,2025-08-13,970,2026-04-25T21:18:18.078048+00:00,ok,
option,O:QQQ250821C00565000,2025-08-20,2025-08-21,792,2026-04-25T21:18:18.774513+00:00,ok,
option,O:QQQ250821P00570000,2025-08-19,2025-08-21,774,2026-04-25T21:18:19.483285+00:00,ok,
option,O:QQQ250821P00572000,2025-08-19,2025-08-21,460,2026-04-25T21:18:20.159519+00:00,ok,
option,O:QQQ250822P00565000,2025-08-20,2025-08-22,1090,2026-04-25T21:18:20.899475+00:00,ok,
option,O:QQQ250911C00583000,2025-09-08,2025-09-11,1367,2026-04-25T21:18:21.606504+00:00,ok,
option,O:QQQ250918C00590000,2025-09-17,2025-09-18,619,2026-04-25T21:18:22.278805+00:00,ok,
option,O:QQQ250919C00600000,2025-09-18,2025-09-19,799,2026-04-25T21:18:23.000770+00:00,ok,
option,O:QQQ250924C00600000,2025-09-22,2025-09-24,1052,2026-04-25T21:18:23.721221+00:00,ok,
option,O:QQQ250926C00595000,2025-09-25,2025-09-26,797,2026-04-25T21:18:24.412790+00:00,ok,
option,O:QQQ250926C00600000,2025-09-24,2025-09-26,1099,2026-04-25T21:18:25.121296+00:00,ok,
option,O:QQQ251002C00600000,2025-10-01,2025-10-02,664,2026-04-25T21:18:25.805628+00:00,ok,
option,O:QQQ251003C00605000,2025-10-02,2025-10-03,799,2026-04-25T21:18:26.530717+00:00,ok,
option,O:QQQ251003C00606000,2025-10-03,2025-10-03,396,2026-04-25T21:18:27.215192+00:00,ok,
option,O:QQQ251010C00608000,2025-10-06,2025-10-10,1615,2026-04-25T21:18:28.811049+00:00,ok,
option,O:QQQ251016C00605000,2025-10-15,2025-10-16,795,2026-04-25T21:18:29.064911+00:00,ok,
option,O:QQQ251017C00609000,2025-10-15,2025-10-17,1099,2026-04-25T21:18:29.597441+00:00,ok,
option,O:QQQ251022C00611000,2025-10-20,2025-10-22,1040,2026-04-25T21:18:30.304549+00:00,ok,
option,O:QQQ251024C00618000,2025-10-24,2025-10-24,404,2026-04-25T21:18:30.996138+00:00,ok,
option,O:QQQ251027C00610000,2025-10-23,2025-10-27,566,2026-04-25T21:18:32.043017+00:00,ok,
option,O:QQQ251031C00632000,2025-10-30,2025-10-31,797,2026-04-25T21:18:32.436633+00:00,ok,
option,O:QQQ251107C00607000,2025-11-07,2025-11-07,400,2026-04-25T21:18:33.225831+00:00,ok,
option,O:QQQ251107P00613000,2025-11-06,2025-11-07,635,2026-04-25T21:18:33.834858+00:00,ok,
option,O:QQQ251112C00620000,2025-11-10,2025-11-12,1158,2026-04-25T21:18:34.553214+00:00,ok,
option,O:QQQ251113C00622000,2025-11-11,2025-11-13,1049,2026-04-25T21:18:35.246144+00:00,ok,
option,O:QQQ251120C00604000,2025-11-19,2025-11-20,693,2026-04-25T21:18:35.952098+00:00,ok,
option,O:QQQ251121C00590000,2025-11-21,2025-11-21,390,2026-04-25T21:18:36.635782+00:00,ok,
option,O:QQQ251125C00600000,2025-11-24,2025-11-25,620,2026-04-25T21:18:37.347814+00:00,ok,
option,O:QQQ251203C00616000,2025-12-01,2025-12-03,627,2026-04-25T21:18:38.055513+00:00,ok,
option,O:QQQ251204C00622000,2025-12-02,2025-12-04,1120,2026-04-25T21:18:38.779223+00:00,ok,
option,O:QQQ251205C00623000,2025-12-02,2025-12-05,1540,2026-04-25T21:18:39.479355+00:00,ok,
option,O:QQQ251205C00624000,2025-12-04,2025-12-05,802,2026-04-25T21:18:40.177734+00:00,ok,
option,O:QQQ251212C00628000,2025-12-10,2025-12-12,1026,2026-04-25T21:18:40.881875+00:00,ok,
option,O:QQQ251218C00613000,2025-12-16,2025-12-18,1087,2026-04-25T21:18:41.587463+00:00,ok,
option,O:QQQ251219C00610000,2025-12-18,2025-12-19,704,2026-04-25T21:18:42.295853+00:00,ok,
option,O:QQQ251219C00614000,2025-12-18,2025-12-19,759,2026-04-25T21:18:43.052218+00:00,ok,
option,O:QQQ251219C00617000,2025-12-19,2025-12-19,403,2026-04-25T21:18:43.672683+00:00,ok,
option,O:QQQ251231C00626000,2025-12-26,2025-12-31,1164,2026-04-25T21:18:44.409590+00:00,ok,
option,O:QQQ260107C00620000,2026-01-05,2026-01-07,925,2026-04-25T21:18:45.116728+00:00,ok,
option,O:QQQ260108C00623000,2026-01-06,2026-01-08,1023,2026-04-25T21:18:46.522280+00:00,ok,
option,O:QQQ260109C00620000,2026-01-08,2026-01-09,750,2026-04-25T21:18:46.714745+00:00,ok,
option,O:QQQ260109C00624000,2026-01-09,2026-01-09,386,2026-04-25T21:18:47.314824+00:00,ok,
option,O:QQQ260109C00626000,2026-01-07,2026-01-09,1134,2026-04-25T21:18:48.031537+00:00,ok,
option,O:QQQ260116C00623000,2026-01-16,2026-01-16,399,2026-04-25T21:18:48.921408+00:00,ok,
option,O:QQQ260116C00630000,2026-01-13,2026-01-16,1468,2026-04-25T21:18:49.452023+00:00,ok,
option,O:QQQ260123C00612000,2026-01-21,2026-01-23,587,2026-04-25T21:18:50.242989+00:00,ok,
option,O:QQQ260130C00628000,2026-01-30,2026-01-30,384,2026-04-25T21:18:50.969121+00:00,ok,
option,O:QQQ260130C00632000,2026-01-27,2026-01-30,1338,2026-04-25T21:18:51.584784+00:00,ok,
option,O:QQQ260130C00638000,2026-01-28,2026-01-30,789,2026-04-25T21:18:52.342673+00:00,ok,
option,O:QQQ260206C00600000,2026-02-05,2026-02-06,684,2026-04-25T21:18:53.042070+00:00,ok,
option,O:QQQ260206C00605000,2026-02-06,2026-02-06,381,2026-04-25T21:18:53.652957+00:00,ok,
option,O:QQQ260211C00610000,2026-02-09,2026-02-11,794,2026-04-25T21:18:54.394627+00:00,ok,
option,O:QQQ260212C00617000,2026-02-09,2026-02-12,1106,2026-04-25T21:18:55.097122+00:00,ok,
option,O:QQQ260213C00603000,2026-02-13,2026-02-13,390,2026-04-25T21:18:55.771014+00:00,ok,
option,O:QQQ260213C00605000,2026-02-13,2026-02-13,386,2026-04-25T21:18:56.483035+00:00,ok,
option,O:QQQ260219C00604000,2026-02-17,2026-02-19,935,2026-04-25T21:18:57.216770+00:00,ok,
option,O:QQQ260220C00606000,2026-02-19,2026-02-20,788,2026-04-25T21:18:57.909364+00:00,ok,
option,O:QQQ260220C00608000,2026-02-20,2026-02-20,397,2026-04-25T21:18:58.667085+00:00,ok,
option,O:QQQ260226C00608000,2026-02-24,2026-02-26,803,2026-04-25T21:18:59.322576+00:00,ok,
option,O:QQQ260227C00607000,2026-02-27,2026-02-27,396,2026-04-25T21:19:00.016425+00:00,ok,
option,O:QQQ260227C00610000,2026-02-26,2026-02-27,791,2026-04-25T21:19:00.726141+00:00,ok,
option,O:QQQ260305C00612000,2026-03-05,2026-03-05,394,2026-04-25T21:19:01.409310+00:00,ok,
option,O:QQQ260306C00604000,2026-03-06,2026-03-06,391,2026-04-25T21:19:02.112800+00:00,ok,
option,O:QQQ260306C00610000,2026-03-04,2026-03-06,1122,2026-04-25T21:19:02.853321+00:00,ok,
option,O:QQQ260306C00615000,2026-03-04,2026-03-06,1077,2026-04-25T21:19:04.291978+00:00,ok,
option,O:QQQ260312C00600000,2026-03-09,2026-03-12,858,2026-04-25T21:19:04.452587+00:00,ok,
option,O:QQQ260312C00612000,2026-03-10,2026-03-12,983,2026-04-25T21:19:05.075031+00:00,ok,
option,O:QQQ260313C00602000,2026-03-12,2026-03-13,774,2026-04-25T21:19:05.784101+00:00,ok,
option,O:QQQ260320C00594000,2026-03-19,2026-03-20,756,2026-04-25T21:19:06.503987+00:00,ok,
option,O:QQQ260325C00594000,2026-03-23,2026-03-25,986,2026-04-25T21:19:07.760757+00:00,ok,
option,O:QQQ260327C00590000,2026-03-25,2026-03-27,983,2026-04-25T21:19:08.014836+00:00,ok,
option,O:QQQ260327P00565000,2026-03-27,2026-03-27,401,2026-04-25T21:19:08.600595+00:00,ok,
option,O:QQQ260402C00570000,2026-03-31,2026-04-02,725,2026-04-25T21:19:09.309574+00:00,ok,
option,O:QQQ260402C00580000,2026-03-31,2026-04-02,1076,2026-04-25T21:19:10.070725+00:00,ok,
option,O:QQQ260402C00581000,2026-04-02,2026-04-02,396,2026-04-25T21:19:10.706679+00:00,ok,
option,O:QQQ260402C00585000,2026-04-02,2026-04-02,403,2026-04-25T21:19:11.411058+00:00,ok,
option,O:QQQ260410C00590000,2026-04-07,2026-04-10,879,2026-04-25T21:19:12.138607+00:00,ok,
option,O:QQQ260410C00607000,2026-04-08,2026-04-10,1059,2026-04-25T21:19:12.932319+00:00,ok,
option,O:QQQ260410C00610000,2026-04-09,2026-04-10,805,2026-04-25T21:19:13.555870+00:00,ok,
option,O:QQQ260415C00612000,2026-04-13,2026-04-15,373,2026-04-25T21:19:14.331934+00:00,ok,
option,O:QQQ260415C00617000,2026-04-13,2026-04-15,373,2026-04-25T21:19:14.928569+00:00,ok,
option,O:QQQ260416C00624000,2026-04-14,2026-04-16,399,2026-04-25T21:19:15.631589+00:00,ok,
option,O:QQQ260417C00635000,2026-04-15,2026-04-17,909,2026-04-25T21:19:16.367152+00:00,ok,
option,O:QQQ260417C00640000,2026-04-16,2026-04-17,709,2026-04-25T21:19:17.230560+00:00,ok,
option,O:QQQ260417C00642000,2026-04-16,2026-04-17,682,2026-04-25T21:19:17.777334+00:00,ok,
option,O:SNDK260227C00725000,2026-02-23,2026-02-27,664,2026-04-25T21:19:18.464097+00:00,ok,
option,O:SNDK260410C00880000,2026-04-10,2026-04-10,324,2026-04-25T21:19:19.157225+00:00,ok,
option,O:SNOW241129C00180000,2024-11-25,2024-11-29,1027,2026-04-25T21:19:19.891921+00:00,ok,
option,O:SOX241219C06100000,2024-12-18,2024-12-19,0,2026-04-25T21:19:20.559032+00:00,empty,
option,O:SPX241220C05930000,2024-12-19,2024-12-20,218,2026-04-25T21:19:21.795823+00:00,ok,
option,O:SPX241220C05950000,2024-12-20,2024-12-20,0,2026-04-25T21:19:22.295014+00:00,empty,
option,O:SPX250321C05660000,2025-03-21,2025-03-21,0,2026-04-25T21:19:22.676585+00:00,empty,
option,O:SPX250718C06310000,2025-07-18,2025-07-18,0,2026-04-25T21:19:23.370883+00:00,empty,
option,O:SPX260320C06630000,2026-03-20,2026-03-20,0,2026-04-25T21:19:24.189654+00:00,empty,
option,O:SPXW241108C06000000,2024-11-08,2024-11-08,391,2026-04-25T21:19:24.799362+00:00,ok,
option,O:SPXW241122C05970000,2024-11-21,2024-11-22,766,2026-04-25T21:19:25.759758+00:00,ok,
option,O:SPXW241122C05980000,2024-11-22,2024-11-22,390,2026-04-25T21:19:26.211477+00:00,ok,
option,O:SPXW241127C06030000,2024-11-27,2024-11-27,377,2026-04-25T21:19:26.915338+00:00,ok,
option,O:SPXW241205C06100000,2024-12-05,2024-12-05,390,2026-04-25T21:19:27.622193+00:00,ok,
option,O:SPXW241224C06015000,2024-12-24,2024-12-24,210,2026-04-25T21:19:28.320792+00:00,ok,
option,O:SPXW241224C06025000,2024-12-24,2024-12-24,210,2026-04-25T21:19:29.027047+00:00,ok,
option,O:SPXW241226C06040000,2024-12-26,2024-12-26,390,2026-04-25T21:19:29.734496+00:00,ok,
option,O:SPXW241230C05940000,2024-12-30,2024-12-30,390,2026-04-25T21:19:30.442739+00:00,ok,
option,O:SPXW241230C05950000,2024-12-30,2024-12-30,390,2026-04-25T21:19:31.143943+00:00,ok,
option,O:SPXW241231C05960000,2024-12-31,2024-12-31,370,2026-04-25T21:19:31.854150+00:00,ok,
option,O:SPXW250103C05930000,2025-01-03,2025-01-03,389,2026-04-25T21:19:32.561798+00:00,ok,
option,O:SPXW250103C05945000,2025-01-03,2025-01-03,390,2026-04-25T21:19:33.262005+00:00,ok,
option,O:SPXW250107P05900000,2025-01-07,2025-01-07,390,2026-04-25T21:19:33.970307+00:00,ok,
option,O:SPXW250110C05935000,2025-01-08,2025-01-10,468,2026-04-25T21:19:34.678122+00:00,ok,
option,O:SPXW250116C05980000,2025-01-16,2025-01-16,383,2026-04-25T21:19:35.383279+00:00,ok,
option,O:SPXW250124C06100000,2025-01-23,2025-01-24,790,2026-04-25T21:19:36.111291+00:00,ok,
option,O:SPXW250124C06130000,2025-01-24,2025-01-24,380,2026-04-25T21:19:36.783542+00:00,ok,
option,O:SPXW250130C06090000,2025-01-30,2025-01-30,389,2026-04-25T21:19:37.495488+00:00,ok,
option,O:SPXW250131C06120000,2025-01-31,2025-01-31,375,2026-04-25T21:19:38.210209+00:00,ok,
option,O:SPXW250204C06050000,2025-02-04,2025-02-04,390,2026-04-25T21:19:39.299530+00:00,ok,
option,O:SPXW250214C06120000,2025-02-13,2025-02-14,773,2026-04-25T21:19:40.029821+00:00,ok,
option,O:SPXW250214C06130000,2025-02-14,2025-02-14,390,2026-04-25T21:19:40.315121+00:00,ok,
option,O:SPXW250220P06090000,2025-02-20,2025-02-20,390,2026-04-25T21:19:41.015962+00:00,ok,
option,O:SPXW250224P05975000,2025-02-24,2025-02-24,388,2026-04-25T21:19:41.725687+00:00,ok,
option,O:SPXW250227P05880000,2025-02-27,2025-02-27,389,2026-04-25T21:19:42.469911+00:00,ok,
option,O:SPXW250303C05970000,2025-03-03,2025-03-03,361,2026-04-25T21:19:43.644784+00:00,ok,
option,O:SPXW250304C05800000,2025-03-04,2025-03-04,386,2026-04-25T21:19:43.944930+00:00,ok,
option,O:SPXW250304P05700000,2025-03-04,2025-03-04,362,2026-04-25T21:19:44.537352+00:00,ok,
option,O:SPXW250305C05850000,2025-03-05,2025-03-05,387,2026-04-25T21:19:45.258752+00:00,ok,
option,O:SPXW250306C05780000,2025-03-06,2025-03-06,387,2026-04-25T21:19:45.960502+00:00,ok,
option,O:SPXW250306C05820000,2025-03-06,2025-03-06,387,2026-04-25T21:19:46.674992+00:00,ok,
option,O:SPXW250306C05850000,2025-03-06,2025-03-06,379,2026-04-25T21:19:47.379252+00:00,ok,
option,O:SPXW250306P05700000,2025-03-06,2025-03-06,390,2026-04-25T21:19:48.068660+00:00,ok,
option,O:SPXW250307C05750000,2025-03-07,2025-03-07,388,2026-04-25T21:19:48.777654+00:00,ok,
option,O:SPXW250307C05800000,2025-03-07,2025-03-07,388,2026-04-25T21:19:49.482529+00:00,ok,
option,O:SPXW250307P05650000,2025-03-07,2025-03-07,373,2026-04-25T21:19:50.184399+00:00,ok,
option,O:SPXW250312C05640000,2025-03-12,2025-03-12,388,2026-04-25T21:19:50.890994+00:00,ok,
option,O:SPXW250313C05640000,2025-03-13,2025-03-13,353,2026-04-25T21:19:51.594855+00:00,ok,
option,O:SPXW250314C05630000,2025-03-14,2025-03-14,389,2026-04-25T21:19:52.299839+00:00,ok,
option,O:SPXW250318C05670000,2025-03-18,2025-03-18,383,2026-04-25T21:19:53.021465+00:00,ok,
option,O:SPXW250326P05700000,2025-03-26,2025-03-26,390,2026-04-25T21:19:53.716545+00:00,ok,
option,O:SPXW250327C05710000,2025-03-27,2025-03-27,390,2026-04-25T21:19:54.416031+00:00,ok,
option,O:SPXW250327C05725000,2025-03-27,2025-03-27,390,2026-04-25T21:19:55.117492+00:00,ok,
option,O:SPXW250328C05640000,2025-03-28,2025-03-28,377,2026-04-25T21:19:55.824816+00:00,ok,
option,O:SPXW250328P05640000,2025-03-28,2025-03-28,312,2026-04-25T21:19:57.039441+00:00,ok,
option,O:SPXW250401C05630000,2025-04-01,2025-04-01,390,2026-04-25T21:19:57.234632+00:00,ok,
option,O:SPXW250402C05650000,2025-04-02,2025-04-02,390,2026-04-25T21:19:57.940561+00:00,ok,
option,O:SPXW250404C05200000,2025-04-04,2025-04-04,384,2026-04-25T21:19:58.644654+00:00,ok,
option,O:SPXW250404C05350000,2025-04-04,2025-04-04,335,2026-04-25T21:19:59.725232+00:00,ok,
option,O:SPXW250423C05440000,2025-04-23,2025-04-23,385,2026-04-25T21:20:00.168860+00:00,ok,
option,O:SPXW250425C05530000,2025-04-25,2025-04-25,391,2026-04-25T21:20:00.767685+00:00,ok,
option,O:SPXW250430C05500000,2025-04-30,2025-04-30,388,2026-04-25T21:20:01.481477+00:00,ok,
option,O:SPXW250430C05550000,2025-04-30,2025-04-30,390,2026-04-25T21:20:02.231987+00:00,ok,
option,O:SPXW250501C05660000,2025-05-01,2025-05-01,389,2026-04-25T21:20:02.888256+00:00,ok,
option,O:SPXW250502C05700000,2025-05-02,2025-05-02,390,2026-04-25T21:20:03.597825+00:00,ok,
option,O:SPXW250522P05800000,2025-05-22,2025-05-22,388,2026-04-25T21:20:04.297690+00:00,ok,
option,O:SPXW250603C05960000,2025-06-03,2025-06-03,388,2026-04-25T21:20:05.000391+00:00,ok,
option,O:SPXW250605C05985000,2025-06-05,2025-06-05,388,2026-04-25T21:20:05.695964+00:00,ok,
option,O:SPXW250605C06000000,2025-06-05,2025-06-05,388,2026-04-25T21:20:06.397358+00:00,ok,
option,O:SPXW250606C06020000,2025-06-06,2025-06-06,390,2026-04-25T21:20:07.109152+00:00,ok,
option,O:SPXW250627C06190000,2025-06-27,2025-06-27,384,2026-04-25T21:20:07.811518+00:00,ok,
option,O:SPXW250711C06300000,2025-07-10,2025-07-11,790,2026-04-25T21:20:08.542443+00:00,ok,
option,O:SPXW250717C06290000,2025-07-17,2025-07-17,391,2026-04-25T21:20:09.214118+00:00,ok,
option,O:SPXW250731P06380000,2025-07-31,2025-07-31,390,2026-04-25T21:20:09.918462+00:00,ok,
option,O:SPXW250806C06335000,2025-08-06,2025-08-06,389,2026-04-25T21:20:10.624735+00:00,ok,
option,O:SPXW250806C06350000,2025-08-06,2025-08-06,390,2026-04-25T21:20:11.330242+00:00,ok,
option,O:SPXW250808C06390000,2025-08-08,2025-08-08,390,2026-04-25T21:20:12.026259+00:00,ok,
option,O:SPXW250822C06470000,2025-08-22,2025-08-22,389,2026-04-25T21:20:12.773592+00:00,ok,
option,O:SPXW250912C06585000,2025-09-11,2025-09-12,782,2026-04-25T21:20:13.481628+00:00,ok,
option,O:SPXW250918C06655000,2025-09-18,2025-09-18,389,2026-04-25T21:20:14.631357+00:00,ok,
option,O:SPXW250925C06620000,2025-09-25,2025-09-25,386,2026-04-25T21:20:15.153505+00:00,ok,
option,O:SPXW250926C06660000,2025-09-26,2025-09-26,389,2026-04-25T21:20:15.548664+00:00,ok,
option,O:SPXW251008C06750000,2025-10-08,2025-10-08,390,2026-04-25T21:20:16.262399+00:00,ok,
option,O:SPXW251008C06760000,2025-10-08,2025-10-08,389,2026-04-25T21:20:16.961131+00:00,ok,
option,O:SPXW251010C06765000,2025-10-10,2025-10-10,306,2026-04-25T21:20:17.662830+00:00,ok,
option,O:SPXW251104P06780000,2025-11-04,2025-11-04,390,2026-04-25T21:20:18.550199+00:00,ok,
option,O:SPXW251212C06920000,2025-12-11,2025-12-12,737,2026-04-25T21:20:19.203190+00:00,ok,
option,O:SPXW260109C06960000,2026-01-09,2026-01-09,390,2026-04-25T21:20:19.793413+00:00,ok,
option,O:SPXW260109C06970000,2026-01-09,2026-01-09,390,2026-04-25T21:20:20.480589+00:00,ok,
option,O:SPXW260227C06900000,2026-02-27,2026-02-27,391,2026-04-25T21:20:21.185935+00:00,ok,
option,O:SPXW260313C06740000,2026-03-13,2026-03-13,366,2026-04-25T21:20:21.883323+00:00,ok,
option,O:SPXW260313C06750000,2026-03-13,2026-03-13,372,2026-04-25T21:20:22.589347+00:00,ok,
option,O:SPXW260410C06850000,2026-04-10,2026-04-10,389,2026-04-25T21:20:23.301017+00:00,ok,
option,O:TSLA241108C00302500,2024-11-08,2024-11-08,343,2026-04-25T21:20:23.999070+00:00,ok,
option,O:TSLA241108C00305000,2024-11-08,2024-11-08,384,2026-04-25T21:20:24.702780+00:00,ok,
option,O:TSLA241108C00310000,2024-11-08,2024-11-08,389,2026-04-25T21:20:25.409007+00:00,ok,
option,O:TSLA241108C00315000,2024-11-08,2024-11-08,390,2026-04-25T21:20:26.124462+00:00,ok,
option,O:TSLA241108C00317500,2024-11-08,2024-11-08,390,2026-04-25T21:20:26.824012+00:00,ok,
option,O:TSLA241108C00330000,2024-11-08,2024-11-08,387,2026-04-25T21:20:27.531706+00:00,ok,
option,O:TSLA241122C00350000,2024-11-21,2024-11-22,780,2026-04-25T21:20:28.266758+00:00,ok,
option,O:TSLA241122C00355000,2024-11-22,2024-11-22,390,2026-04-25T21:20:28.938920+00:00,ok,
option,O:TSLA241122C00357500,2024-11-22,2024-11-22,389,2026-04-25T21:20:29.643991+00:00,ok,
option,O:TSLA241206C00365000,2024-12-02,2024-12-06,1915,2026-04-25T21:20:30.401401+00:00,ok,
option,O:TSLA241213C00375000,2024-12-05,2024-12-13,1821,2026-04-25T21:20:31.101753+00:00,ok,
option,O:TSLA241213C00390000,2024-12-06,2024-12-13,1826,2026-04-25T21:20:32.561139+00:00,ok,
option,O:TSLA241213C00422500,2024-12-11,2024-12-13,1157,2026-04-25T21:20:32.751246+00:00,ok,
option,O:TSLA241213C00430000,2024-12-11,2024-12-13,1170,2026-04-25T21:20:33.358448+00:00,ok,
option,O:TSLA241213C00432500,2024-12-13,2024-12-13,390,2026-04-25T21:20:34.039045+00:00,ok,
option,O:TSLA241213C00440000,2024-12-12,2024-12-13,781,2026-04-25T21:20:34.991183+00:00,ok,
option,O:TSLA241220C00435000,2024-12-20,2024-12-20,388,2026-04-25T21:20:35.691540+00:00,ok,
option,O:TSLA241220C00445000,2024-12-20,2024-12-20,388,2026-04-25T21:20:36.218193+00:00,ok,
option,O:TSLA241220C00450000,2024-12-20,2024-12-20,389,2026-04-25T21:20:36.844709+00:00,ok,
option,O:TSLA241220C00460000,2024-12-16,2024-12-20,1912,2026-04-25T21:20:37.604752+00:00,ok,
option,O:TSLA241220C00470000,2024-12-16,2024-12-20,1893,2026-04-25T21:20:38.299407+00:00,ok,
option,O:TSLA241220C00500000,2024-12-17,2024-12-20,1458,2026-04-25T21:20:38.993081+00:00,ok,
option,O:TSLA241220P00430000,2024-12-19,2024-12-20,780,2026-04-25T21:20:39.698160+00:00,ok,
option,O:TSLA241227C00445000,2024-12-27,2024-12-27,389,2026-04-25T21:20:40.362309+00:00,ok,
option,O:TSLA241227C00450000,2024-12-24,2024-12-27,980,2026-04-25T21:20:41.145350+00:00,ok,
option,O:TSLA241227C00460000,2024-12-24,2024-12-27,931,2026-04-25T21:20:41.801392+00:00,ok,
option,O:TSLA250103C00392500,2025-01-03,2025-01-03,370,2026-04-25T21:20:42.474198+00:00,ok,
option,O:TSLA250103C00397500,2025-01-03,2025-01-03,389,2026-04-25T21:20:43.215215+00:00,ok,
option,O:TSLA250110C00395000,2025-01-10,2025-01-10,390,2026-04-25T21:20:43.890123+00:00,ok,
option,O:TSLA250110C00400000,2025-01-10,2025-01-10,390,2026-04-25T21:20:44.598537+00:00,ok,
option,O:TSLA250117C00410000,2025-01-13,2025-01-17,1903,2026-04-25T21:20:45.358580+00:00,ok,
option,O:TSLA250117C00425000,2025-01-14,2025-01-17,1557,2026-04-25T21:20:46.057789+00:00,ok,
option,O:TSLA250117C00427500,2025-01-17,2025-01-17,378,2026-04-25T21:20:46.712948+00:00,ok,
option,O:TSLA250117C00435000,2025-01-17,2025-01-17,390,2026-04-25T21:20:47.417435+00:00,ok,
option,O:TSLA250117C00440000,2025-01-15,2025-01-17,1167,2026-04-25T21:20:48.161115+00:00,ok,
option,O:TSLA250131C00410000,2025-01-30,2025-01-31,778,2026-04-25T21:20:48.851034+00:00,ok,
option,O:TSLA250131C00415000,2025-01-31,2025-01-31,389,2026-04-25T21:20:50.139095+00:00,ok,
option,O:TSLA250131C00420000,2025-01-31,2025-01-31,388,2026-04-25T21:20:50.563822+00:00,ok,
option,O:TSLA250207C00380000,2025-02-07,2025-02-07,372,2026-04-25T21:20:50.948150+00:00,ok,
option,O:TSLA250214C00350000,2025-02-12,2025-02-14,1170,2026-04-25T21:20:51.694501+00:00,ok,
option,O:TSLA250214C00355000,2025-02-13,2025-02-14,780,2026-04-25T21:20:52.370975+00:00,ok,
option,O:TSLA250214C00360000,2025-02-13,2025-02-14,780,2026-04-25T21:20:53.114190+00:00,ok,
option,O:TSLA250214C00370000,2025-02-10,2025-02-14,1931,2026-04-25T21:20:54.270027+00:00,ok,
option,O:TSLA250214C00445000,2025-02-12,2025-02-14,82,2026-04-25T21:20:54.614583+00:00,ok,
option,O:TSLA250221C00370000,2025-02-19,2025-02-21,1087,2026-04-25T21:20:55.223432+00:00,ok,
option,O:TSLA250228C00295000,2025-02-28,2025-02-28,388,2026-04-25T21:20:55.878958+00:00,ok,
option,O:TSLA250314C00245000,2025-03-11,2025-03-14,1544,2026-04-25T21:20:56.629583+00:00,ok,
option,O:TSLA250314C00255000,2025-03-12,2025-03-14,1161,2026-04-25T21:20:57.329208+00:00,ok,
option,O:TSLA250321C00245000,2025-03-21,2025-03-21,390,2026-04-25T21:20:57.997767+00:00,ok,
option,O:TSLA250328C00270000,2025-03-24,2025-03-28,1933,2026-04-25T21:20:58.753753+00:00,ok,
option,O:TSLA250328C00277500,2025-03-24,2025-03-28,1912,2026-04-25T21:20:59.452077+00:00,ok,
option,O:TSLA250328C00285000,2025-03-24,2025-03-28,1906,2026-04-25T21:21:00.156263+00:00,ok,
option,O:TSLA250328C00295000,2025-03-27,2025-03-28,658,2026-04-25T21:21:00.844774+00:00,ok,
option,O:TSLA250328C00395000,2025-03-25,2025-03-28,38,2026-04-25T21:21:01.514562+00:00,ok,
option,O:TSLA250404C00280000,2025-04-02,2025-04-04,1115,2026-04-25T21:21:02.248958+00:00,ok,
option,O:TSLA250404C00290000,2025-04-02,2025-04-04,1082,2026-04-25T21:21:02.954321+00:00,ok,
option,O:TSLA250425C00260000,2025-04-23,2025-04-25,1153,2026-04-25T21:21:03.665108+00:00,ok,
option,O:TSLA250425C00267500,2025-04-25,2025-04-25,357,2026-04-25T21:21:04.334565+00:00,ok,
option,O:TSLA250425C00272500,2025-04-25,2025-04-25,377,2026-04-25T21:21:05.038015+00:00,ok,
option,O:TSLA250425C00280000,2025-04-25,2025-04-25,390,2026-04-25T21:21:05.739299+00:00,ok,
option,O:TSLA250425C00285000,2025-04-25,2025-04-25,390,2026-04-25T21:21:06.459398+00:00,ok,
option,O:TSLA250509C00300000,2025-05-09,2025-05-09,390,2026-04-25T21:21:07.655481+00:00,ok,
option,O:TSLA250509C00305000,2025-05-09,2025-05-09,390,2026-04-25T21:21:08.089116+00:00,ok,
option,O:TSLA250516C00310000,2025-05-09,2025-05-16,1790,2026-04-25T21:21:08.603747+00:00,ok,
option,O:TSLA250516C00325000,2025-05-12,2025-05-16,1683,2026-04-25T21:21:09.963101+00:00,ok,
option,O:TSLA250516C00335000,2025-05-13,2025-05-16,1501,2026-04-25T21:21:10.263337+00:00,ok,
option,O:TSLA250516C00345000,2025-05-13,2025-05-16,1555,2026-04-25T21:21:10.767717+00:00,ok,
option,O:TSLA250516C00350000,2025-05-14,2025-05-16,1171,2026-04-25T21:21:11.483634+00:00,ok,
option,O:TSLA250516C00355000,2025-05-16,2025-05-16,390,2026-04-25T21:21:12.149569+00:00,ok,
option,O:TSLA250516C00360000,2025-05-14,2025-05-16,1170,2026-04-25T21:21:12.886658+00:00,ok,
option,O:TSLA250523C00347500,2025-05-22,2025-05-23,778,2026-04-25T21:21:13.740708+00:00,ok,
option,O:TSLA250523C00360000,2025-05-20,2025-05-23,1539,2026-04-25T21:21:14.329440+00:00,ok,
option,O:TSLA250530C00360000,2025-05-27,2025-05-30,1553,2026-04-25T21:21:15.014601+00:00,ok,
option,O:TSLA250530C00370000,2025-05-27,2025-05-30,1549,2026-04-25T21:21:15.711808+00:00,ok,
option,O:TSLA250606C00300000,2025-06-06,2025-06-06,390,2026-04-25T21:21:16.379067+00:00,ok,
option,O:TSLA250606C00305000,2025-06-06,2025-06-06,390,2026-04-25T21:21:17.083494+00:00,ok,
option,O:TSLA250606C00310000,2025-06-06,2025-06-06,390,2026-04-25T21:21:17.789217+00:00,ok,
option,O:TSLA250613C00310000,2025-06-09,2025-06-13,1768,2026-04-25T21:21:18.541165+00:00,ok,
option,O:TSLA250613C00320000,2025-06-09,2025-06-13,1941,2026-04-25T21:21:19.286609+00:00,ok,
option,O:TSLA250613C00330000,2025-06-10,2025-06-13,1561,2026-04-25T21:21:20.016752+00:00,ok,
option,O:TSLA250613C00340000,2025-06-11,2025-06-13,1159,2026-04-25T21:21:20.644309+00:00,ok,
option,O:TSLA250620C00330000,2025-06-18,2025-06-20,780,2026-04-25T21:21:21.341064+00:00,ok,
option,O:TSLA250627C00345000,2025-06-23,2025-06-27,1857,2026-04-25T21:21:22.071223+00:00,ok,
option,O:TSLA250627C00360000,2025-06-23,2025-06-27,1724,2026-04-25T21:21:22.822125+00:00,ok,
option,O:TSLA250711C00305000,2025-07-08,2025-07-11,1555,2026-04-25T21:21:23.481683+00:00,ok,
option,O:TSLA250711C00310000,2025-07-11,2025-07-11,390,2026-04-25T21:21:24.133853+00:00,ok,
option,O:TSLA250718C00330000,2025-07-18,2025-07-18,390,2026-04-25T21:21:25.311297+00:00,ok,
option,O:TSLA250808C00330000,2025-08-08,2025-08-08,390,2026-04-25T21:21:25.819253+00:00,ok,
option,O:TSLA250808C00332500,2025-08-08,2025-08-08,390,2026-04-25T21:21:26.320580+00:00,ok,
option,O:TSLA250808C00335000,2025-08-08,2025-08-08,390,2026-04-25T21:21:26.981558+00:00,ok,
option,O:TSLA250815C00345000,2025-08-11,2025-08-15,1929,2026-04-25T21:21:27.837809+00:00,ok,
option,O:TSLA250815C00350000,2025-08-13,2025-08-15,1164,2026-04-25T21:21:28.383577+00:00,ok,
option,O:TSLA250822C00345000,2025-08-19,2025-08-22,1458,2026-04-25T21:21:29.087988+00:00,ok,
option,O:TSLA250912C00360000,2025-09-11,2025-09-12,759,2026-04-25T21:21:29.808288+00:00,ok,
option,O:TSLA250912C00365000,2025-09-11,2025-09-12,765,2026-04-25T21:21:30.522164+00:00,ok,
option,O:TSLA250912C00375000,2025-09-12,2025-09-12,372,2026-04-25T21:21:31.269951+00:00,ok,
option,O:TSLA250912C00380000,2025-09-12,2025-09-12,385,2026-04-25T21:21:31.991947+00:00,ok,
option,O:TSLA250912C00385000,2025-09-12,2025-09-12,390,2026-04-25T21:21:32.846444+00:00,ok,
option,O:TSLA250912C00387500,2025-09-12,2025-09-12,388,2026-04-25T21:21:33.325824+00:00,ok,
option,O:TSLA250912C00390000,2025-09-12,2025-09-12,390,2026-04-25T21:21:34.269578+00:00,ok,
option,O:TSLA250912C00395000,2025-09-12,2025-09-12,390,2026-04-25T21:21:34.801393+00:00,ok,
option,O:TSLA250919C00435000,2025-09-15,2025-09-19,1918,2026-04-25T21:21:35.537131+00:00,ok,
option,O:TSLA250926C00450000,2025-09-22,2025-09-26,1935,2026-04-25T21:21:36.160572+00:00,ok,
option,O:TSLA251003C00435000,2025-10-03,2025-10-03,387,2026-04-25T21:21:36.839167+00:00,ok,
option,O:TSLA251003C00470000,2025-10-01,2025-10-03,1059,2026-04-25T21:21:37.566882+00:00,ok,
option,O:TSLA251003C00660000,2025-10-01,2025-10-03,2,2026-04-25T21:21:38.270438+00:00,ok,
option,O:TSLA251031C00465000,2025-10-28,2025-10-31,1547,2026-04-25T21:21:38.985079+00:00,ok,
option,O:TSLA251107C00480000,2025-11-03,2025-11-07,1826,2026-04-25T21:21:39.694418+00:00,ok,
option,O:TSLA251121C00410000,2025-11-17,2025-11-21,1938,2026-04-25T21:21:40.412563+00:00,ok,
option,O:TSLA251121C00425000,2025-11-17,2025-11-21,1853,2026-04-25T21:21:41.116340+00:00,ok,
option,O:TSLA251121C00432500,2025-11-20,2025-11-21,543,2026-04-25T21:21:41.759878+00:00,ok,
option,O:TSLA251205C00455000,2025-12-04,2025-12-05,781,2026-04-25T21:21:43.267067+00:00,ok,
option,O:TSLA251205C00460000,2025-12-05,2025-12-05,390,2026-04-25T21:21:43.599117+00:00,ok,
option,O:TSLA251212C00455000,2025-12-12,2025-12-12,389,2026-04-25T21:21:44.039774+00:00,ok,
option,O:TSLA251219C00490000,2025-12-15,2025-12-19,1951,2026-04-25T21:21:44.797151+00:00,ok,
option,O:TSLA251219C00500000,2025-12-17,2025-12-19,1169,2026-04-25T21:21:45.470041+00:00,ok,
option,O:TSLA251226C00505000,2025-12-22,2025-12-26,1210,2026-04-25T21:21:46.952133+00:00,ok,
option,O:TSLA260116C00450000,2026-01-07,2026-01-16,3102,2026-04-25T21:21:47.271676+00:00,ok,
option,O:TSLA260123C00450000,2026-01-23,2026-01-23,390,2026-04-25T21:21:47.738237+00:00,ok,
option,O:TSLA260402C00395000,2026-03-24,2026-04-02,1865,2026-04-25T21:21:48.479603+00:00,ok,
option,O:TSLA260417C00390000,2026-04-15,2026-04-17,1151,2026-04-25T21:21:49.169372+00:00,ok,
option,O:TSLA260417C00395000,2026-04-15,2026-04-17,1159,2026-04-25T21:21:49.888419+00:00,ok,
option,O:TSLA260417C00400000,2026-04-15,2026-04-17,1169,2026-04-25T21:21:50.638127+00:00,ok,
option,O:UNH250822C00320000,2025-08-18,2025-08-22,1557,2026-04-25T21:21:51.301603+00:00,ok,
underlying,X:BTCUSD,2024-11-07,2026-04-28,768695,2026-04-25T21:27:16.567661+00:00,ok,
underlying,X:ETHUSD,2024-11-07,2026-04-28,767532,2026-04-25T21:30:14.129551+00:00,ok,
underlying,BULL,2024-11-07,2026-04-28,175760,2026-04-25T23:07:27.257743+00:00,ok,
underlying,GOOGL,2024-11-07,2026-04-28,262072,2026-04-25T23:08:37.450681+00:00,ok,
option,O:AMZN260424C00257500,2026-04-23,2026-04-24,721,2026-04-25T23:09:33.987609+00:00,ok,
option,O:AMZN260424C00260000,2026-04-23,2026-04-24,771,2026-04-25T23:09:34.531168+00:00,ok,
option,O:AMZN260501C00260000,2026-04-24,2026-05-01,306,2026-04-25T23:09:35.187531+00:00,ok,
option,O:AVGO260424C00425000,2026-04-23,2026-04-24,630,2026-04-25T23:09:35.886834+00:00,ok,
option,O:AVGO260424C00430000,2026-04-23,2026-04-24,604,2026-04-25T23:09:36.595038+00:00,ok,
option,O:AVGO260501C00415000,2026-04-22,2026-05-01,274,2026-04-25T23:09:37.273415+00:00,ok,
option,O:BULL260515C00007500,2026-04-22,2026-05-15,380,2026-04-25T23:09:37.975280+00:00,ok,
option,O:BULL260618C00007500,2026-04-21,2026-06-18,515,2026-04-25T23:09:38.679615+00:00,ok,
option,O:COIN260424C00207500,2026-04-22,2026-04-24,656,2026-04-25T23:09:39.391416+00:00,ok,
option,O:GOOGL260402C00295000,2026-04-01,2026-04-02,613,2026-04-25T23:09:40.138341+00:00,ok,
option,O:GOOGL260402C00297500,2026-04-01,2026-04-02,657,2026-04-25T23:09:40.803328+00:00,ok,
option,O:HOOD260417C00100000,2026-04-17,2026-04-17,194,2026-04-25T23:09:41.494286+00:00,ok,
option,O:HOOD260424C00090000,2026-04-15,2026-04-24,2513,2026-04-25T23:09:42.277123+00:00,ok,
option,O:HOOD260424C00100000,2026-04-17,2026-04-24,1376,2026-04-25T23:09:42.949052+00:00,ok,
option,O:META260408C00615000,2026-04-08,2026-04-08,310,2026-04-25T23:09:43.625035+00:00,ok,
option,O:META260408C00620000,2026-04-08,2026-04-08,275,2026-04-25T23:09:44.322245+00:00,ok,
option,O:META260408C00625000,2026-04-08,2026-04-08,231,2026-04-25T23:09:45.022037+00:00,ok,
option,O:META260408C00630000,2026-04-08,2026-04-08,207,2026-04-25T23:09:45.717377+00:00,ok,
option,O:META260410C00585000,2026-04-06,2026-04-10,658,2026-04-25T23:09:46.426313+00:00,ok,
option,O:META260410C00600000,2026-04-08,2026-04-10,662,2026-04-25T23:09:47.169846+00:00,ok,
option,O:META260410C00605000,2026-04-08,2026-04-10,405,2026-04-25T23:09:47.838250+00:00,ok,
option,O:META260410C00610000,2026-04-08,2026-04-10,633,2026-04-25T23:09:48.556599+00:00,ok,
option,O:META260410C00635000,2026-04-08,2026-04-10,994,2026-04-25T23:09:49.271532+00:00,ok,
option,O:META260415C00665000,2026-04-14,2026-04-15,574,2026-04-25T23:09:49.963888+00:00,ok,
option,O:META260415C00680000,2026-04-15,2026-04-15,377,2026-04-25T23:09:50.644197+00:00,ok,
option,O:META260417C00650000,2026-04-14,2026-04-17,861,2026-04-25T23:09:51.378834+00:00,ok,
option,O:META260417C00660000,2026-04-14,2026-04-17,979,2026-04-25T23:09:52.092170+00:00,ok,
option,O:META260417C00662500,2026-04-14,2026-04-17,482,2026-04-25T23:09:52.755611+00:00,ok,
option,O:META260417C00665000,2026-04-14,2026-04-17,829,2026-04-25T23:09:53.488944+00:00,ok,
option,O:META260417C00670000,2026-04-15,2026-04-17,804,2026-04-25T23:09:54.193502+00:00,ok,
option,O:META260417C00685000,2026-04-16,2026-04-17,744,2026-04-25T23:09:54.916329+00:00,ok,
option,O:META260424C00675000,2026-04-21,2026-04-24,1349,2026-04-25T23:09:55.718340+00:00,ok,
option,O:MSTR260424C00167500,2026-04-20,2026-04-24,982,2026-04-25T23:09:56.501827+00:00,ok,
option,O:MSTR260424C00180000,2026-04-17,2026-04-24,2182,2026-04-25T23:09:57.067163+00:00,ok,
option,O:MSTR260501C00180000,2026-04-22,2026-05-01,939,2026-04-25T23:09:57.740215+00:00,ok,
option,O:MU260417C00420000,2026-04-09,2026-04-17,1805,2026-04-25T23:09:58.452675+00:00,ok,
option,O:MU260417C00430000,2026-04-09,2026-04-17,1931,2026-04-25T23:09:59.138463+00:00,ok,
option,O:MU260417C00450000,2026-04-14,2026-04-17,1473,2026-04-25T23:09:59.915549+00:00,ok,
option,O:MU260424C00440000,2026-04-14,2026-04-24,1604,2026-04-25T23:10:00.556637+00:00,ok,
option,O:MU260424C00445000,2026-04-21,2026-04-24,430,2026-04-25T23:10:01.203504+00:00,ok,
option,O:MU260424C00450000,2026-04-14,2026-04-24,2436,2026-04-25T23:10:02.013661+00:00,ok,
option,O:MU260424C00455000,2026-04-16,2026-04-24,1412,2026-04-25T23:10:02.647922+00:00,ok,
option,O:MU260424C00470000,2026-04-14,2026-04-24,2460,2026-04-25T23:10:03.495862+00:00,ok,
option,O:MU260424C00475000,2026-04-22,2026-04-24,786,2026-04-25T23:10:04.108197+00:00,ok,
option,O:MU260501C00470000,2026-04-22,2026-05-01,483,2026-04-25T23:10:04.730469+00:00,ok,
option,O:MU260501C00480000,2026-04-22,2026-05-01,875,2026-04-25T23:10:05.472826+00:00,ok,
option,O:MU260501C00490000,2026-04-23,2026-05-01,468,2026-04-25T23:10:06.138079+00:00,ok,
option,O:MU260501C00500000,2026-04-24,2026-05-01,366,2026-04-25T23:10:06.837278+00:00,ok,
option,O:QQQ260402P00574000,2026-04-02,2026-04-02,383,2026-04-25T23:10:07.535891+00:00,ok,
option,O:QQQ260409C00610000,2026-04-09,2026-04-09,404,2026-04-25T23:10:08.241843+00:00,ok,
option,O:QQQ260410C00608000,2026-04-09,2026-04-10,765,2026-04-25T23:10:08.966405+00:00,ok,
option,O:QQQ260410C00611000,2026-04-10,2026-04-10,404,2026-04-25T23:10:09.641388+00:00,ok,
option,O:QQQ260410C00613000,2026-04-10,2026-04-10,401,2026-04-25T23:10:10.349056+00:00,ok,
option,O:QQQ260410C00615000,2026-04-10,2026-04-10,393,2026-04-25T23:10:11.055637+00:00,ok,
option,O:QQQ260414C00611000,2026-04-13,2026-04-14,388,2026-04-25T23:10:11.753624+00:00,ok,
option,O:QQQ260415C00631000,2026-04-15,2026-04-15,391,2026-04-25T23:10:12.473077+00:00,ok,
option,O:QQQ260416C00630000,2026-04-14,2026-04-16,850,2026-04-25T23:10:13.210645+00:00,ok,
option,O:QQQ260417C00638000,2026-04-16,2026-04-17,600,2026-04-25T23:10:13.874782+00:00,ok,
option,O:QQQ260423C00651000,2026-04-23,2026-04-23,352,2026-04-25T23:10:14.583987+00:00,ok,
option,O:QQQ260423C00653000,2026-04-22,2026-04-23,805,2026-04-25T23:10:15.313609+00:00,ok,
option,O:QQQ260423P00650000,2026-04-23,2026-04-23,405,2026-04-25T23:10:15.991207+00:00,ok,
option,O:QQQ260423P00651000,2026-04-23,2026-04-23,404,2026-04-25T23:10:16.698558+00:00,ok,
option,O:QQQ260423P00652000,2026-04-23,2026-04-23,405,2026-04-25T23:10:17.404166+00:00,ok,
option,O:QQQ260424P00647000,2026-04-23,2026-04-24,599,2026-04-25T23:10:18.117443+00:00,ok,
option,O:SPY260415P00697000,2026-04-15,2026-04-15,405,2026-04-25T23:10:18.803483+00:00,ok,
option,O:SPY260423P00703000,2026-04-21,2026-04-23,1044,2026-04-25T23:10:19.546473+00:00,ok,
option,O:TSLA260402P00362500,2026-04-02,2026-04-02,385,2026-04-25T23:10:20.204746+00:00,ok,
option,O:TSLA260410P00337500,2026-04-09,2026-04-10,738,2026-04-25T23:10:20.922783+00:00,ok,
option,O:TSLA260415C00375000,2026-04-15,2026-04-15,355,2026-04-25T23:10:21.617471+00:00,ok,
option,O:TSLA260415C00377500,2026-04-15,2026-04-15,336,2026-04-25T23:10:22.338343+00:00,ok,
option,O:TSLA260415C00380000,2026-04-15,2026-04-15,380,2026-04-25T23:10:23.020890+00:00,ok,
option,O:TSLA260415C00382500,2026-04-15,2026-04-15,368,2026-04-25T23:10:23.725424+00:00,ok,
option,O:TSLA260415C00395000,2026-04-15,2026-04-15,366,2026-04-25T23:10:24.426889+00:00,ok,
option,O:TSLA260417C00375000,2026-04-15,2026-04-17,950,2026-04-25T23:10:25.169824+00:00,ok,
option,O:TSLA260417C00407500,2026-04-17,2026-04-17,388,2026-04-25T23:10:25.841344+00:00,ok,
underlying,TSM,2024-11-01,2026-04-25,252788,2026-04-27T10:29:38.063865+00:00,ok,manual TSM pull
option,O:NVDA260508C00215000,2026-04-27,2026-05-08,384,2026-04-27T21:12:54.945292+00:00,ok,
option,O:NVDA260515C00215000,2026-04-27,2026-05-15,380,2026-04-27T21:12:55.041195+00:00,ok,
option,O:TSM260515C00410000,2026-04-27,2026-05-15,90,2026-04-27T21:12:55.729382+00:00,ok,
option,O:MU260508C00520000,2026-04-30,2026-05-08,227,2026-04-30T22:43:38.044498+00:00,ok,
option,O:NBIS260515C00200000,2026-05-05,2026-05-15,201,2026-05-05T20:03:18.374248+00:00,ok,
option,O:TSLA260508C00405000,2026-05-05,2026-05-08,356,2026-05-05T20:03:18.466750+00:00,ok,
option,O:MU260508C00600000,2026-05-04,2026-05-08,671,2026-05-05T20:44:58.692210+00:00,ok,
option,O:MU260515C00600000,2026-05-04,2026-05-15,617,2026-05-05T20:44:59.234661+00:00,ok,
option,O:NBIS260515C00185000,2026-05-06,2026-05-15,58,2026-05-06T16:05:17.617797+00:00,ok,
option,O:QQQ260508C00692000,2026-05-06,2026-05-08,140,2026-05-06T16:05:17.693884+00:00,ok,
option,O:AAPL260515C00295000,2026-05-07,2026-05-15,386,2026-05-08T14:10:47.862317+00:00,ok,
option,O:AAPL260515C00300000,2026-05-08,2026-05-15,26,2026-05-08T14:10:48.457345+00:00,ok,
option,O:QQQ260515C00705000,2026-05-07,2026-05-15,295,2026-05-08T14:10:50.138466+00:00,ok,
underlying,AAPL,2026-03-31,2026-05-08,21093,2026-05-08T15:39:56.949370+00:00,ok,
underlying,AMZN,2026-03-31,2026-05-08,22156,2026-05-08T15:40:08.341303+00:00,ok,
underlying,AVGO,2026-03-31,2026-05-08,21744,2026-05-08T15:40:16.030904+00:00,ok,
underlying,BULL,2026-03-31,2026-05-08,17827,2026-05-08T15:40:25.025786+00:00,ok,
underlying,COIN,2026-03-31,2026-05-08,20683,2026-05-08T15:40:33.769552+00:00,ok,
underlying,GOOGL,2026-03-31,2026-05-08,20500,2026-05-08T15:40:44.734197+00:00,ok,
underlying,HOOD,2026-03-31,2026-05-08,22849,2026-05-08T15:40:55.492166+00:00,ok,
underlying,META,2026-03-31,2026-05-08,21809,2026-05-08T15:41:09.335938+00:00,ok,
underlying,MSTR,2026-03-31,2026-05-08,23637,2026-05-08T15:41:18.269831+00:00,ok,
underlying,MU,2026-03-31,2026-05-08,24696,2026-05-08T15:41:30.625295+00:00,ok,
underlying,NBIS,2026-03-31,2026-05-08,20869,2026-05-08T15:41:34.683949+00:00,ok,
underlying,NVDA,2026-03-31,2026-05-08,25646,2026-05-08T15:41:45.062459+00:00,ok,
underlying,QQQ,2026-03-31,2026-05-08,25375,2026-05-08T15:42:27.633965+00:00,ok,
underlying,SPY,2026-03-31,2026-05-08,24800,2026-05-08T15:42:39.755024+00:00,ok,
underlying,TSLA,2026-03-31,2026-05-08,25654,2026-05-08T15:42:58.929046+00:00,ok,
underlying,TSM,2026-03-31,2026-05-08,22727,2026-05-08T15:43:11.915110+00:00,ok,
underlying,VIXY,2026-03-31,2026-05-08,13465,2026-05-08T15:43:31.168817+00:00,ok,
underlying,X:BTCUSD,2026-03-31,2026-05-08,54718,2026-05-08T15:46:46.579831+00:00,ok,
underlying,X:ETHUSD,2026-03-31,2026-05-08,54718,2026-05-08T15:47:13.240054+00:00,ok,
option,O:MU260508C00540000,2026-05-01,2026-05-08,646,2026-05-08T15:50:38.479993+00:00,ok,
option,O:MU260424C00505000,2026-04-24,2026-04-24,382,2026-05-10T23:43:32.689519+00:00,ok,
option,O:NVDA260424C00210000,2026-04-24,2026-04-24,389,2026-05-10T23:43:33.091375+00:00,ok,
option,O:NVDA260427C00205000,2026-04-24,2026-04-27,687,2026-05-10T23:43:33.789020+00:00,ok,
option,O:NVDA260427C00210000,2026-04-24,2026-04-27,776,2026-05-10T23:43:34.559620+00:00,ok,
option,O:NVDA260427C00212500,2026-04-24,2026-04-27,763,2026-05-10T23:43:35.967647+00:00,ok,
option,O:NVDA260429C00205000,2026-04-24,2026-04-29,1135,2026-05-10T23:43:36.521469+00:00,ok,
option,O:NVDA260429C00210000,2026-04-24,2026-04-29,1523,2026-05-10T23:43:37.175651+00:00,ok,
option,O:NVDA260501C00205000,2026-04-24,2026-05-01,2052,2026-05-10T23:43:37.733660+00:00,ok,
option,O:NVDA260501C00215000,2026-04-27,2026-05-01,1765,2026-05-10T23:43:39.986317+00:00,ok,
option,O:NVDA260508C00220000,2026-04-27,2026-05-08,3345,2026-05-10T23:43:40.297160+00:00,ok,
